ticker,in_tiingo_us,in_tiingo_any,tiingo_exchange,tiingo_enddate,in_sec_current,sec_cik,delisted_like,not_current_sec
AA,True,True,NYSE,2026-06-30,True,1675149,False,False
AAOI,True,True,NASDAQ,2026-06-30,True,1158114,False,False
AAON,True,True,NASDAQ,2026-06-30,True,824142,False,False
AAPL,True,True,NASDAQ,2026-06-30,True,320193,False,False
AAXN,False,False,,,False,,False,True
ABCB,True,True,NYSE,2026-06-30,True,351569,False,False
ACAD,True,True,NASDAQ,2026-06-30,True,1070494,False,False
ACIW,True,True,NASDAQ,2026-06-30,True,935036,False,False
ACLS,True,True,NASDAQ,2026-06-30,True,1113232,False,False
ACLX,True,True,NASDAQ,2026-04-28,False,,False,True
ACM,True,True,NYSE,2026-06-30,True,868857,False,False
ACMR,True,True,NASDAQ,2026-06-30,True,1680062,False,False
ACN,True,True,NYSE,2026-06-30,True,1467373,False,False
ACT,True,True,NASDAQ,2026-06-30,True,1823529,False,False
ADBE,True,True,NASDAQ,2026-06-30,True,796343,False,False
ADI,True,True,NASDAQ,2026-06-30,True,6281,False,False
ADM,True,True,NYSE,2026-06-30,True,7084,False,False
ADMA,True,True,NASDAQ,2026-06-30,True,1368514,False,False
ADPT,True,True,NASDAQ,2026-06-30,True,1478320,False,False
ADSK,True,True,NASDAQ,2026-06-30,True,769397,False,False
ADUS,True,True,NASDAQ,2026-06-30,True,1468328,False,False
AEHR,True,True,NASDAQ,2026-06-30,True,1040470,False,False
AEIS,True,True,NASDAQ,2026-06-30,True,927003,False,False
AEM,True,True,NYSE,2026-06-30,True,2809,False,False
AFL,True,True,NYSE,2026-06-30,True,4977,False,False
AFRM,True,True,NASDAQ,2026-06-30,True,1820953,False,False
AGX,True,True,NYSE,2026-06-30,True,100591,False,False
AIG,True,True,NYSE,2026-06-30,True,5272,False,False
AIT,True,True,NYSE,2026-06-30,True,109563,False,False
AIZ,True,True,NYSE,2026-06-30,True,1267238,False,False
ALAB,True,True,NASDAQ,2026-06-30,True,1736297,False,False
ALB,True,True,NYSE,2026-06-30,True,915913,False,False
ALKS,True,True,NASDAQ,2026-06-30,True,1520262,False,False
ALMU,True,True,NASDAQ,2026-06-30,True,1828805,False,False
ALNY,True,True,NASDAQ,2026-06-30,True,1178670,False,False
ALRM,True,True,NASDAQ,2026-06-30,True,1459200,False,False
AM,True,True,NYSE,2026-06-30,True,1623925,False,False
AMAT,True,True,NASDAQ,2026-06-30,True,6951,False,False
AMD,True,True,NASDAQ,2026-06-30,True,2488,False,False
AME,True,True,NYSE,2026-06-30,True,1037868,False,False
AMED,True,True,NASDAQ,2025-08-14,False,,True,True
AMEH,True,True,NASDAQ,2024-02-26,False,,True,True
AMGN,True,True,NASDAQ,2026-06-30,True,318154,False,False
AMN,True,True,NYSE,2026-06-30,True,1142750,False,False
AMPH,True,True,NASDAQ,2026-06-30,True,1297184,False,False
AMRN,True,True,NASDAQ,2026-06-30,True,897448,False,False
AMSC,True,True,NASDAQ,2026-06-30,True,880807,False,False
AMZN,True,True,NASDAQ,2026-06-30,True,1018724,False,False
AN,True,True,NYSE,2026-06-30,True,350698,False,False
ANET,True,True,NYSE,2026-06-30,True,1596532,False,False
APH,True,True,NYSE,2026-06-30,True,820313,False,False
APLD,True,True,NASDAQ,2026-06-30,True,1144879,False,False
APP,True,True,NASDAQ,2026-06-30,True,1751008,False,False
APPF,True,True,NASDAQ,2026-06-30,True,1433195,False,False
APPS,True,True,NASDAQ,2026-06-30,True,317788,False,False
AR,True,True,NYSE,2026-06-30,True,1433270,False,False
ARCH,True,True,NYSE,2025-01-14,False,,True,True
ARIS,True,True,NYSE,2026-06-30,True,1964504,False,False
ARKK,True,True,BATS,2026-06-30,False,,False,True
ARM,True,True,NASDAQ,2026-06-30,True,1973239,False,False
ARNA,True,True,NASDAQ,2022-03-15,False,,True,True
AROC,True,True,NYSE,2026-06-30,True,1389050,False,False
ARRY,True,True,NASDAQ,2026-06-30,True,1820721,False,False
ARWR,True,True,NASDAQ,2026-06-30,True,879407,False,False
ASH,True,True,NYSE,2026-06-30,True,1674862,False,False
ASML,True,True,NASDAQ,2026-06-30,True,937966,False,False
ASND,True,True,NASDAQ,2026-06-30,True,1612042,False,False
ASO,True,True,NASDAQ,2026-06-30,True,1817358,False,False
ASPN,True,True,NYSE,2026-06-30,True,1145986,False,False
ASTS,True,True,NASDAQ,2026-06-30,True,1780312,False,False
ATAT,True,True,NASDAQ,2026-06-30,True,1853717,False,False
ATGE,False,False,,,False,,False,True
ATHM,True,True,NYSE,2026-06-30,True,1527636,False,False
ATI,True,True,NYSE,2026-06-30,True,1018963,False,False
ATKR,True,True,NYSE,2026-06-30,True,1666138,False,False
ATRO,True,True,NASDAQ,2026-06-30,True,8063,False,False
ATUS,False,False,,,False,,False,True
AU,True,True,NYSE,2026-06-30,True,1973832,False,False
AUDC,True,True,NASDAQ,2026-06-30,True,1086434,False,False
AVGO,True,True,NASDAQ,2026-06-30,True,1730168,False,False
AVLR,True,True,NYSE,2022-10-28,False,,True,True
AVNT,True,True,NYSE,2026-06-30,True,1122976,False,False
AVTR,True,True,NYSE,2026-06-30,True,1722482,False,False
AVY,True,True,NYSE,2026-06-30,True,8818,False,False
AWI,True,True,NYSE,2026-06-30,True,7431,False,False
AXGN,True,True,NASDAQ,2026-06-30,True,805928,False,False
AXNX,True,True,NASDAQ,2024-11-15,False,,True,True
AXON,True,True,NASDAQ,2026-06-30,True,1069183,False,False
AXP,True,True,NYSE,2026-06-30,True,4962,False,False
AXS,True,True,NYSE,2026-06-30,True,1214816,False,False
AXSM,True,True,NASDAQ,2026-06-30,True,1579428,False,False
AYI,True,True,NYSE,2026-06-30,True,1144215,False,False
AZN,True,True,NYSE,2026-06-30,True,901832,False,False
AZPN,True,True,NASDAQ,2025-03-12,False,,True,True
AZZ,True,True,NYSE,2026-06-30,True,8947,False,False
BABA,True,True,NYSE,2026-06-30,True,1577552,False,False
BAC,True,True,NYSE,2026-06-30,True,70858,False,False
BAH,True,True,NYSE,2026-06-30,True,1443646,False,False
BAM,True,True,NYSE,2026-06-30,True,1937926,False,False
BAX,True,True,NYSE,2026-06-30,True,10456,False,False
BBIO,True,True,NASDAQ,2026-06-30,True,1743881,False,False
BEAT,True,True,NASDAQ,2026-06-30,True,1779372,False,False
BEKE,True,True,NYSE,2026-06-30,True,1809587,False,False
BHVN,True,True,NYSE,2026-06-30,True,1935979,False,False
BILI,True,True,NASDAQ,2026-06-30,True,1723690,False,False
BILL,True,True,NYSE,2026-06-30,True,1786352,False,False
BIRK,True,True,NYSE,2026-06-30,True,1977102,False,False
BJ,True,True,NYSE,2026-06-30,True,1531152,False,False
BL,True,True,NASDAQ,2026-06-30,True,1666134,False,False
BLBD,True,True,NASDAQ,2026-06-30,True,1589526,False,False
BLD,True,True,NYSE,2026-06-30,True,1633931,False,False
BLDP,True,True,NASDAQ,2026-06-30,True,1453015,False,False
BLL,False,False,,,False,,False,True
BOOT,True,True,NYSE,2026-06-30,True,1610250,False,False
BPMC,True,True,NASDAQ,2025-07-18,False,,True,True
BRBR,True,True,NYSE,2026-06-30,True,1772016,False,False
BRKS,False,False,,,False,,False,True
BROS,True,True,NYSE,2026-06-30,True,1866581,False,False
BRZE,True,True,NASDAQ,2026-06-30,True,1676238,False,False
BSBR,True,True,NYSE,2026-06-30,True,1471055,False,False
BSX,True,True,NYSE,2026-06-30,True,885725,False,False
BSY,True,True,NASDAQ,2026-06-30,True,1031308,False,False
BURL,True,True,NYSE,2026-06-30,True,1579298,False,False
BYD,True,True,NYSE,2026-06-30,True,906553,False,False
BYDDF,False,True,PINK,2026-06-30,True,1445162,False,False
BYND,True,True,NASDAQ,2026-06-30,True,1655210,False,False
BYRN,True,True,NASDAQ,2026-06-30,True,1354866,False,False
C,True,True,NYSE,2026-06-30,True,831001,False,False
CAE,True,True,NYSE,2026-06-30,True,1173382,False,False
CAH,True,True,NYSE,2026-06-30,True,721371,False,False
CAL,True,True,NYSE,2026-06-30,True,14707,False,False
CALM,True,True,NASDAQ,2026-06-30,True,16160,False,False
CALX,True,True,NYSE,2026-06-30,True,1406666,False,False
CAMT,True,True,NASDAQ,2026-06-30,True,1109138,False,False
CASY,True,True,NASDAQ,2026-06-30,True,726958,False,False
CAT,True,True,NYSE,2026-06-30,True,18230,False,False
CB,True,True,NYSE,2026-06-30,True,896159,False,False
CC,True,True,NYSE,2026-06-30,True,1627223,False,False
CCJ,True,True,NYSE,2026-06-30,True,1009001,False,False
CCK,True,True,NYSE,2026-06-30,True,1219601,False,False
CCL,True,True,NYSE,2026-06-30,True,815097,False,False
CCMP,True,True,NASDAQ,2022-09-08,False,,True,True
CCOI,True,True,NASDAQ,2026-06-30,True,1158324,False,False
CCRN,True,True,NASDAQ,2026-06-30,True,1141103,False,False
CDAY,False,False,,,False,,False,True
CDLR,True,True,NYSE,2026-06-30,True,1978867,False,False
CDNA,True,True,NASDAQ,2026-06-30,True,1217234,False,False
CDNS,True,True,NASDAQ,2026-06-30,True,813672,False,False
CDW,True,True,NASDAQ,2026-06-30,True,1402057,False,False
CELH,True,True,NASDAQ,2026-06-30,True,1341766,False,False
CFLT,True,True,NASDAQ,2026-03-17,False,,False,True
CGC,True,True,NASDAQ,2026-06-30,True,1737927,False,False
CHEF,True,True,NASDAQ,2026-06-30,True,1517175,False,False
CHGG,True,True,NYSE,2026-06-30,True,1364954,False,False
CHWY,True,True,NYSE,2026-06-30,True,1766502,False,False
CI,True,True,NYSE,2026-06-30,True,1739940,False,False
CIEN,True,True,NYSE,2026-06-30,True,936395,False,False
CIVI,True,True,NYSE,2026-01-29,False,,False,True
CLDR,True,True,NYSE,2021-10-11,False,,True,True
CLF,True,True,NYSE,2026-06-30,True,764065,False,False
CLFD,True,True,NASDAQ,2026-06-30,True,796505,False,False
CLH,True,True,NYSE,2026-06-30,True,822818,False,False
CLS,True,True,NYSE,2026-06-30,True,1030894,False,False
CMC,True,True,NYSE,2026-06-30,True,22444,False,False
CMCSA,True,True,NASDAQ,2026-06-30,True,1166691,False,False
COCO,True,True,NASDAQ,2026-06-30,True,1482981,False,False
COHR,True,True,NYSE,2026-06-30,True,820318,False,False
COHU,True,True,NASDAQ,2026-06-30,True,21535,False,False
COIN,True,True,NASDAQ,2026-06-30,True,1679788,False,False
COLL,True,True,NASDAQ,2026-06-30,True,1267565,False,False
COOP,True,True,NASDAQ,2025-10-01,False,,True,True
CORT,True,True,NASDAQ,2026-06-30,True,1088856,False,False
CORZ,True,True,NASDAQ,2026-06-30,True,1839341,False,False
COUP,True,True,NASDAQ,2023-02-28,False,,True,True
CPE,True,True,NYSE,2024-04-11,False,,True,True
CPRT,True,True,NASDAQ,2026-06-30,True,900075,False,False
CPRX,True,True,NASDAQ,2026-06-30,True,1369568,False,False
CRBG,True,True,NYSE,2026-06-30,True,1889539,False,False
CRBP,True,True,NASDAQ,2026-06-30,True,1595097,False,False
CRDO,True,True,NASDAQ,2026-06-30,True,1807794,False,False
CRH,True,True,NYSE,2026-06-30,True,849395,False,False
CRM,True,True,NYSE,2026-06-30,True,1108524,False,False
CRMT,True,True,NASDAQ,2026-06-30,True,799850,False,False
CRNC,True,True,NASDAQ,2026-06-30,True,1768267,False,False
CRON,True,True,NASDAQ,2026-06-30,True,1656472,False,False
CROX,True,True,NASDAQ,2026-06-30,True,1334036,False,False
CRS,True,True,NYSE,2026-06-30,True,17843,False,False
CRSP,True,True,NASDAQ,2026-06-30,True,1674416,False,False
CRSR,True,True,NASDAQ,2026-06-30,True,1743759,False,False
CRTO,True,True,NASDAQ,2026-06-30,True,1576427,False,False
CRUS,True,True,NASDAQ,2026-06-30,True,772406,False,False
CRWD,True,True,NASDAQ,2026-06-30,True,1535527,False,False
CRWV,True,True,NASDAQ,2026-06-30,True,1769628,False,False
CSCO,True,True,NASDAQ,2026-06-30,True,858877,False,False
CSIQ,True,True,NASDAQ,2026-06-30,True,1375877,False,False
CSTL,True,True,NASDAQ,2026-06-30,True,1447362,False,False
CTLT,True,True,NYSE,2024-12-18,False,,True,True
CTSH,True,True,NASDAQ,2026-06-30,True,1058290,False,False
CVLG,True,True,NYSE,2026-06-30,True,928658,False,False
CVLT,True,True,NASDAQ,2026-06-30,True,1169561,False,False
CWAN,True,True,NYSE,2026-06-30,True,1866368,False,False
CWH,True,True,NYSE,2026-06-30,True,1669779,False,False
CWST,True,True,NASDAQ,2026-06-30,True,911177,False,False
CYBR,True,True,NASDAQ,2026-02-11,False,,False,True
DADA,True,True,NASDAQ,2025-06-16,False,,True,True
DAR,True,True,NYSE,2026-06-30,True,916540,False,False
DAVE,True,True,NASDAQ,2026-06-30,True,1841408,False,False
DB,True,True,NYSE,2026-06-30,True,1159508,False,False
DBX,True,True,NASDAQ,2026-06-30,True,1467623,False,False
DDOG,True,True,NASDAQ,2026-06-30,True,1561550,False,False
DE,True,True,NYSE,2026-06-30,True,315189,False,False
DECK,True,True,NYSE,2026-06-30,True,910521,False,False
DELL,True,True,NYSE,2026-06-30,True,1571996,False,False
DENN,True,True,NASDAQ,2026-06-30,False,,False,True
DG,True,True,NYSE,2026-06-30,True,29534,False,False
DHI,True,True,NYSE,2026-06-30,True,882184,False,False
DHR,True,True,NYSE,2026-06-30,True,313616,False,False
DIN,True,True,NYSE,2026-06-30,True,49754,False,False
DIOD,True,True,NASDAQ,2026-06-30,True,29002,False,False
DISH,True,True,NASDAQ,2024-01-09,False,,True,True
DKNG,True,True,NASDAQ,2026-06-30,True,1883685,False,False
DKS,True,True,NYSE,2026-06-30,True,1089063,False,False
DLTR,True,True,NASDAQ,2026-06-30,True,935703,False,False
DNKN,True,True,NASDAQ,2020-12-15,False,,True,True
DOCS,True,True,NYSE,2026-06-30,True,1516513,False,False
DOCU,True,True,NASDAQ,2026-06-30,True,1261333,False,False
DOMO,True,True,NASDAQ,2026-06-30,True,1505952,False,False
DRS,True,True,NASDAQ,2026-06-30,True,1833756,False,False
DT,True,True,NYSE,2026-06-30,True,1773383,False,False
DTM,True,True,NYSE,2026-06-30,True,1842022,False,False
DUOL,True,True,NASDAQ,2026-06-30,True,1562088,False,False
DV,True,True,NYSE,2026-06-30,True,1819928,False,False
DVN,True,True,NYSE,2026-06-30,True,1090012,False,False
DXCM,True,True,NASDAQ,2026-06-30,True,1093557,False,False
EAT,True,True,NYSE,2026-06-30,True,703351,False,False
ECG,True,True,NYSE,2026-06-30,True,2015845,False,False
EDU,True,True,NYSE,2026-06-30,True,1372920,False,False
EEFT,True,True,NASDAQ,2026-06-30,True,1029199,False,False
EHTH,True,True,NASDAQ,2026-06-30,True,1333493,False,False
EL,True,True,NYSE,2026-06-30,True,1001250,False,False
ELF,True,True,NYSE,2026-06-30,True,1600033,False,False
ELV,True,True,NYSE,2026-06-30,True,1156039,False,False
ELY,False,False,,,False,,False,True
EME,True,True,NYSE,2026-06-30,True,105634,False,False
EMR,True,True,NYSE,2026-06-30,True,32604,False,False
ENPH,True,True,NASDAQ,2026-06-30,True,1463101,False,False
ENSG,True,True,NASDAQ,2026-06-30,True,1125376,False,False
ENTG,True,True,NASDAQ,2026-06-30,True,1101302,False,False
ENV,True,True,NYSE,2024-11-25,False,,True,True
EPAM,True,True,NYSE,2026-06-30,True,1352010,False,False
EPRT,True,True,NYSE,2026-06-30,True,1728951,False,False
EQNR,True,True,NYSE,2026-06-30,True,1140625,False,False
ERJ,False,False,,,False,,False,True
ERO,True,True,NYSE,2026-06-30,True,1853860,False,False
ESE,True,True,NYSE,2026-06-30,True,866706,False,False
ESI,True,True,NYSE,2026-06-30,True,1590714,False,False
ESNT,True,True,NYSE,2026-06-30,True,1448893,False,False
ESTC,True,True,NYSE,2026-06-30,True,1707753,False,False
EVBG,True,True,NASDAQ,2026-06-30,False,,False,True
EVER,True,True,NASDAQ,2026-06-30,True,1640428,False,False
EVH,True,True,NYSE,2026-06-30,True,1628908,False,False
EVTC,True,True,NYSE,2026-06-30,True,1559865,False,False
EXE,True,True,NASDAQ,2026-06-30,True,895126,False,False
EXEL,True,True,NASDAQ,2026-06-30,True,939767,False,False
EXP,True,True,NYSE,2026-06-30,True,918646,False,False
EXPE,True,True,NASDAQ,2026-06-30,True,1324424,False,False
EXPO,True,True,NASDAQ,2026-06-30,True,851520,False,False
EXR,True,True,NYSE,2026-06-30,True,1289490,False,False
EXTR,True,True,NASDAQ,2026-06-30,True,1078271,False,False
F,True,True,NYSE,2026-06-30,True,37996,False,False
FANH,False,False,,,False,,False,True
FATE,True,True,NASDAQ,2026-06-30,True,1434316,False,False
FB,True,True,BATS,2026-06-30,False,,False,True
FCN,True,True,NYSE,2026-06-30,True,887936,False,False
FCX,True,True,NYSE,2026-06-30,True,831259,False,False
FDX,True,True,NYSE,2026-06-30,True,1048911,False,False
FF,True,True,NYSE,2026-06-30,True,1337298,False,False
FICO,True,True,NYSE,2026-06-30,True,814547,False,False
FISV,True,True,NASDAQ,2026-06-30,True,798354,False,False
FIVE,True,True,NASDAQ,2026-06-30,True,1177609,False,False
FIVN,True,True,NASDAQ,2026-06-30,True,1288847,False,False
FIX,True,True,NYSE,2026-06-30,True,1035983,False,False
FLGT,True,True,NASDAQ,2026-06-30,True,1674930,False,False
FN,True,True,NYSE,2026-06-30,True,1408710,False,False
FND,True,True,NYSE,2026-06-30,True,1507079,False,False
FNKO,True,True,NASDAQ,2026-06-30,True,1704711,False,False
FNV,True,True,NYSE,2026-06-30,True,1456346,False,False
FOCS,True,True,NASDAQ,2023-08-31,False,,True,True
FOUR,True,True,NYSE,2026-06-30,True,1794669,False,False
FOX,True,True,NASDAQ,2026-06-30,True,1754301,False,False
FRHC,True,True,NASDAQ,2026-06-30,True,924805,False,False
FRO,True,True,NYSE,2026-06-30,True,913290,False,False
FRPT,True,True,NASDAQ,2026-06-30,True,1611647,False,False
FSLR,True,True,NASDAQ,2026-06-30,True,1274494,False,False
FSLY,True,True,NASDAQ,2026-06-30,True,1517413,False,False
FSS,True,True,NYSE,2026-06-30,True,277509,False,False
FTAI,True,True,NASDAQ,2026-06-30,True,1590364,False,False
FTCH,False,False,,,False,,False,True
FTI,True,True,NYSE,2026-06-30,True,1681459,False,False
FTNT,True,True,NASDAQ,2026-06-30,True,1262039,False,False
FUTU,True,True,NASDAQ,2026-06-30,True,1754581,False,False
FWRD,True,True,NASDAQ,2026-06-30,True,912728,False,False
GBT,True,True,NASDAQ,2022-11-02,False,,True,True
GCT,True,True,NASDAQ,2026-06-30,True,1857816,False,False
GDDY,True,True,NYSE,2026-06-30,True,1609711,False,False
GDS,True,True,NASDAQ,2026-06-30,True,1526125,False,False
GEV,True,True,NYSE,2026-06-30,True,1996810,False,False
GFS,True,True,NASDAQ,2026-06-30,True,1709048,False,False
GGG,True,True,NYSE,2026-06-30,True,42888,False,False
GH,True,True,NASDAQ,2026-06-30,True,1576280,False,False
GLDD,True,True,NASDAQ,2026-06-30,False,,False,True
GLNG,True,True,NASDAQ,2026-06-30,True,1207179,False,False
GLOB,True,True,NYSE,2026-06-30,True,1557860,False,False
GM,True,True,NYSE,2026-06-30,True,1467858,False,False
GMAB,True,True,NASDAQ,2026-06-30,True,1434265,False,False
GMS,True,True,NYSE,2025-09-04,False,,True,True
GNRC,True,True,NYSE,2026-06-30,True,1474735,False,False
GOLF,True,True,NYSE,2026-06-30,True,1672013,False,False
GOOG,True,True,NASDAQ,2026-06-30,True,1652044,False,False
GOOS,True,True,NYSE,2026-06-30,True,1690511,False,False
GPC,True,True,NYSE,2026-06-30,True,40987,False,False
GPK,True,True,NYSE,2026-06-30,True,1408075,False,False
GPN,True,True,NYSE,2026-06-30,True,1123360,False,False
GPOR,True,True,NYSE,2026-06-30,True,874499,False,False
GPS,False,False,,,False,,False,True
GRBK,True,True,NYSE,2026-06-30,True,1373670,False,False
GSX,False,False,,,False,,False,True
GTX,True,True,NASDAQ,2026-06-30,True,1735707,False,False
H,True,True,NYSE,2026-06-30,True,1468174,False,False
HALO,True,True,NASDAQ,2026-06-30,True,1159036,False,False
HBM,True,True,NYSE,2026-06-30,True,1322422,False,False
HCA,True,True,NYSE,2026-06-30,True,860730,False,False
HCC,True,True,NYSE,2026-06-30,True,1691303,False,False
HEAR,False,False,,,False,,False,True
HEI,True,True,NYSE,2026-06-30,True,46619,False,False
HI,True,True,NYSE,2026-02-10,False,,False,True
HIMS,True,True,NYSE,2026-06-30,True,1773751,False,False
HLI,True,True,NYSE,2026-06-30,True,1302215,False,False
HLIT,True,True,NASDAQ,2026-06-30,True,851310,False,False
HLT,True,True,NYSE,2026-06-30,True,1585689,False,False
HMC,True,True,NYSE,2026-06-30,True,715153,False,False
HMSY,True,True,NASDAQ,2021-04-01,False,,True,True
HMY,True,True,NYSE,2026-06-30,True,1023514,False,False
HOOD,True,True,NASDAQ,2026-06-30,True,1783879,False,False
HRMY,True,True,NASDAQ,2026-06-30,True,1802665,False,False
HSAI,True,True,NASDAQ,2026-06-30,True,1861737,False,False
HSC,False,False,,,False,,False,True
HSIC,True,True,NASDAQ,2026-06-30,True,1000228,False,False
HSII,True,True,NASDAQ,2026-06-30,False,,False,True
HSY,True,True,NYSE,2026-06-30,True,47111,False,False
HUBG,True,True,NASDAQ,2026-06-30,True,940942,False,False
HUBS,True,True,NYSE,2026-06-30,True,1404655,False,False
HUT,True,True,NASDAQ,2026-06-30,True,1964789,False,False
HXL,True,True,NYSE,2026-06-30,True,717605,False,False
HZNP,True,True,NASDAQ,2023-10-06,False,,True,True
IAC,False,False,,,True,1800227,False,False
IBIT,True,True,NASDAQ,2026-06-30,True,1980994,False,False
IBKR,True,True,NASDAQ,2026-06-30,True,1381197,False,False
IBN,True,True,NYSE,2026-06-30,True,1103838,False,False
ICE,True,True,NYSE,2026-06-30,True,1571949,False,False
ICHR,True,True,NASDAQ,2026-06-30,True,1652535,False,False
ICLR,True,True,NASDAQ,2026-06-30,True,1060955,False,False
IIIV,True,True,NASDAQ,2026-06-30,True,1728688,False,False
IIVI,True,True,NASDAQ,2023-06-30,False,,True,True
IMCR,True,True,NASDAQ,2026-06-30,True,1671927,False,False
IMVT,True,True,NASDAQ,2026-06-30,True,1764013,False,False
INCY,True,True,NASDAQ,2026-06-30,True,879169,False,False
INDV,True,True,NASDAQ,2026-06-30,True,1625297,False,False
INFO,True,True,NYSE,2026-06-30,False,,False,True
INMD,True,True,NASDAQ,2026-06-30,True,1742692,False,False
INOD,True,True,NASDAQ,2026-06-30,True,903651,False,False
INTA,True,True,NASDAQ,2026-06-30,True,1565687,False,False
INTC,True,True,NASDAQ,2026-06-30,True,50863,False,False
INVA,True,True,NASDAQ,2026-06-30,True,1080014,False,False
INXN,True,True,NYSE,2020-03-13,False,,True,True
IONQ,True,True,NYSE,2026-06-30,True,1824920,False,False
IOSP,True,True,NASDAQ,2026-06-30,True,1054905,False,False
IOT,True,True,NYSE,2026-06-30,True,1642896,False,False
IOVA,True,True,NASDAQ,2026-06-30,True,1425205,False,False
IPAR,True,True,NASDAQ,2026-06-30,True,822663,False,False
IPHI,True,True,NYSE,2021-04-20,False,,True,True
IQV,True,True,NYSE,2026-06-30,True,1478242,False,False
IR,True,True,NYSE,2026-06-30,True,1699150,False,False
IRBT,False,True,PINK,2026-06-30,False,,False,True
IRDM,True,True,NASDAQ,2026-06-30,True,1418819,False,False
IREN,True,True,NASDAQ,2026-06-30,True,1878848,False,False
IRM,True,True,NYSE,2026-06-30,True,1020569,False,False
ITGR,True,True,NYSE,2026-06-30,True,1114483,False,False
ITRI,True,True,NASDAQ,2026-06-30,True,780571,False,False
ITT,True,True,NYSE,2026-06-30,True,216228,False,False
IWM,True,True,NYSE,2026-06-30,False,,False,True
JBHT,True,True,NASDAQ,2026-06-30,True,728535,False,False
JBL,True,True,NYSE,2026-06-30,True,898293,False,False
JCOM,False,False,,,False,,False,True
JEC,False,False,,,False,,False,True
JKHY,True,True,NASDAQ,2026-06-30,True,779152,False,False
JMIA,True,True,NYSE,2026-06-30,True,1756708,False,False
KC,True,True,NASDAQ,2026-06-30,True,1795589,False,False
KD,True,True,NYSE,2026-06-30,True,1867072,False,False
KEY,True,True,NYSE,2026-06-30,True,91576,False,False
KEYS,True,True,NYSE,2026-06-30,True,1601046,False,False
KL,True,True,NYSE,2022-02-08,False,,True,True
KLAC,True,True,NASDAQ,2026-06-30,True,319201,False,False
KMPR,True,True,NYSE,2026-06-30,True,860748,False,False
KMX,True,True,NYSE,2026-06-30,True,1170010,False,False
KNSA,True,True,NASDAQ,2026-06-30,True,1730430,False,False
KRMN,True,True,NYSE,2026-06-30,True,2040127,False,False
KRUS,True,True,NASDAQ,2026-06-30,True,1772177,False,False
KRYS,True,True,NASDAQ,2026-06-30,True,1711279,False,False
KTB,True,True,NYSE,2026-06-30,True,1760965,False,False
KURA,True,True,NASDAQ,2026-06-30,True,1422143,False,False
KVYO,True,True,NYSE,2026-06-30,True,1835830,False,False
LB,True,True,NYSE,2026-06-30,True,1995807,False,False
LFVN,True,True,NASDAQ,2026-06-30,True,849146,False,False
LGIH,True,True,NASDAQ,2026-06-30,True,1580670,False,False
LGND,True,True,NASDAQ,2026-06-30,True,886163,False,False
LITE,True,True,NASDAQ,2026-06-30,True,1633978,False,False
LLY,True,True,NYSE,2026-06-30,True,59478,False,False
LMB,True,True,NASDAQ,2026-06-30,True,1606163,False,False
LMND,True,True,NYSE,2026-06-30,True,1691421,False,False
LMT,True,True,NYSE,2026-06-30,True,936468,False,False
LNT,True,True,NASDAQ,2026-06-30,True,352541,False,False
LNTH,True,True,NASDAQ,2026-06-30,True,1521036,False,False
LOAR,True,True,NYSE,2026-06-30,True,2000178,False,False
LOB,True,True,NYSE,2026-06-30,True,1462120,False,False
LOGI,True,True,NASDAQ,2026-06-30,True,1032975,False,False
LOPE,True,True,NASDAQ,2026-06-30,True,1434588,False,False
LOW,True,True,NYSE,2026-06-30,True,60667,False,False
LPLA,True,True,NASDAQ,2026-06-30,True,1397911,False,False
LPSN,True,True,NASDAQ,2026-06-30,True,1102993,False,False
LPX,True,True,NYSE,2026-06-30,True,60519,False,False
LQDT,True,True,NASDAQ,2026-06-30,True,1235468,False,False
LRCX,True,True,NASDAQ,2026-06-30,True,707549,False,False
LRN,True,True,NYSE,2026-06-30,True,1157408,False,False
LSCC,True,True,NASDAQ,2026-06-30,True,855658,False,False
LTH,True,True,NYSE,2026-06-30,True,1869198,False,False
LTHM,True,True,NYSE,2024-01-04,False,,True,True
LULU,True,True,NASDAQ,2026-06-30,True,1397187,False,False
LVGO,True,True,NASDAQ,2020-10-30,False,,True,True
LYV,True,True,NYSE,2026-06-30,True,1335258,False,False
MA,True,True,NYSE,2026-06-30,True,1141391,False,False
MARA,True,True,NASDAQ,2026-06-30,True,1507605,False,False
MAS,True,True,NYSE,2026-06-30,True,62996,False,False
MASI,True,True,NASDAQ,2026-06-10,False,,False,True
MATX,True,True,NYSE,2026-06-30,True,3453,False,False
MBX,True,True,NASDAQ,2026-06-30,True,1776111,False,False
MC,True,True,NYSE,2026-06-30,True,1596967,False,False
MCK,True,True,NYSE,2026-06-30,True,927653,False,False
MDA,True,True,NYSE,2026-06-30,True,1857047,False,False
MDB,True,True,NASDAQ,2026-06-30,True,1441816,False,False
MDCO,True,True,NASDAQ,2020-01-06,False,,True,True
MDLA,True,True,NYSE,2021-10-29,False,,True,True
MDRX,False,True,PINK,2026-06-30,False,,False,True
MED,True,True,NYSE,2026-06-30,True,910329,False,False
MEDP,True,True,NASDAQ,2026-06-30,True,1668397,False,False
MEOH,True,True,NASDAQ,2026-06-30,True,886977,False,False
MERC,True,True,NASDAQ,2026-06-30,True,1333274,False,False
MET,True,True,NYSE,2026-06-30,True,1099219,False,False
META,True,True,NASDAQ,2026-06-30,True,1326801,False,False
MGM,True,True,NYSE,2026-06-30,True,789570,False,False
MGNI,True,True,NASDAQ,2026-06-30,True,1595974,False,False
MGPI,True,True,NASDAQ,2026-06-30,True,835011,False,False
MIME,True,True,NASDAQ,2022-09-16,False,,True,True
MIRM,True,True,NASDAQ,2026-06-30,True,1759425,False,False
MIXT,True,True,NYSE,2026-06-30,False,,False,True
MKTX,True,True,NASDAQ,2026-06-30,True,1278021,False,False
MLI,True,True,NYSE,2026-06-30,True,89439,False,False
MNSO,True,True,NYSE,2026-06-30,True,1815846,False,False
MNST,True,True,NASDAQ,2026-06-30,True,865752,False,False
MO,True,True,NYSE,2026-06-30,True,764180,False,False
MOD,True,True,NYSE,2026-06-30,True,67347,False,False
MODN,True,True,NYSE,2024-06-27,False,,True,True
MOH,True,True,NYSE,2026-06-30,True,1179929,False,False
MP,True,True,NYSE,2026-06-30,True,1801368,False,False
MPWR,True,True,NASDAQ,2026-06-30,True,1280452,False,False
MRNA,True,True,NASDAQ,2026-06-30,True,1682852,False,False
MRUS,True,True,NASDAQ,2025-12-30,False,,True,True
MRVL,True,True,NASDAQ,2026-06-30,True,1835632,False,False
MRX,True,True,NASDAQ,2026-06-30,True,1997464,False,False
MSCI,True,True,NYSE,2026-06-30,True,1408198,False,False
MSFT,True,True,NASDAQ,2026-06-30,True,789019,False,False
MSI,True,True,NYSE,2026-06-30,True,68505,False,False
MSTR,True,True,NASDAQ,2026-06-30,True,1050446,False,False
MTCH,True,True,NASDAQ,2026-06-30,True,891103,False,False
MTH,True,True,NYSE,2026-06-30,True,833079,False,False
MTRX,True,True,NASDAQ,2026-06-30,True,866273,False,False
MTSI,True,True,NASDAQ,2026-06-30,True,1493594,False,False
MTZ,True,True,NYSE,2026-06-30,True,15615,False,False
MU,True,True,NASDAQ,2026-06-30,True,723125,False,False
MXIM,True,True,NASDAQ,2021-09-01,False,,True,True
MXL,True,True,NASDAQ,2026-06-30,True,1288469,False,False
NATL,True,True,NASDAQ,2026-06-30,True,1974138,False,False
NBIS,True,True,NASDAQ,2026-06-30,True,1513845,False,False
NBIX,True,True,NASDAQ,2026-06-30,True,914475,False,False
NCNO,True,True,NASDAQ,2026-06-30,True,1902733,False,False
NEE,True,True,NYSE,2026-06-30,True,753308,False,False
NEM,True,True,NYSE,2026-06-30,True,1164727,False,False
NEO,True,True,NASDAQ,2026-06-30,True,1077183,False,False
NET,True,True,NYSE,2026-06-30,True,1477333,False,False
NEWR,True,True,NYSE,2023-11-07,False,,True,True
NFLX,True,True,NASDAQ,2026-06-30,True,1065280,False,False
NHC,True,True,AMEX,2026-06-30,True,1047335,False,False
NICE,True,True,NASDAQ,2026-06-30,True,1003935,False,False
NKE,True,True,NYSE,2026-06-30,True,320187,False,False
NMIH,True,True,NASDAQ,2026-06-30,True,1547903,False,False
NOC,True,True,NYSE,2026-06-30,True,1133421,False,False
NOVT,True,True,NASDAQ,2026-06-30,True,1076930,False,False
NOW,True,True,NYSE,2026-06-30,True,1373715,False,False
NSC,True,True,NYSE,2026-06-30,True,702165,False,False
NSIT,True,True,NASDAQ,2026-06-30,True,932696,False,False
NSSC,True,True,NASDAQ,2026-06-30,True,69633,False,False
NTAP,True,True,NASDAQ,2026-06-30,True,1002047,False,False
NTCT,True,True,NASDAQ,2026-06-30,True,1078075,False,False
NTES,True,True,NASDAQ,2026-06-30,True,1110646,False,False
NTGR,True,True,NASDAQ,2026-06-30,True,1122904,False,False
NTRA,True,True,NASDAQ,2026-06-30,True,1604821,False,False
NUE,True,True,NYSE,2026-06-30,True,73309,False,False
NVCR,True,True,NASDAQ,2026-06-30,True,1645113,False,False
NVDA,True,True,NASDAQ,2026-06-30,True,1045810,False,False
NVEE,True,True,NASDAQ,2025-08-04,False,,True,True
NVMI,True,True,NASDAQ,2026-06-30,True,1109345,False,False
NVO,True,True,NYSE,2026-06-30,True,353278,False,False
NVST,True,True,NYSE,2026-06-30,True,1757073,False,False
NVT,True,True,NYSE,2026-06-30,True,1720635,False,False
NVTA,False,False,,,False,,False,True
NWS,True,True,NASDAQ,2026-06-30,True,1564708,False,False
NXST,True,True,NASDAQ,2026-06-30,True,1142417,False,False
NXT,True,True,NASDAQ,2026-06-30,True,1852131,False,False
ODD,True,True,NASDAQ,2026-06-30,True,1907085,False,False
ODFL,True,True,NASDAQ,2026-06-30,True,878927,False,False
OKLO,True,True,NYSE,2026-06-30,True,1849056,False,False
OKTA,True,True,NASDAQ,2026-06-30,True,1660134,False,False
OLED,True,True,NASDAQ,2026-06-30,True,1005284,False,False
OLLI,True,True,NASDAQ,2026-06-30,True,1639300,False,False
OLN,True,True,NYSE,2026-06-30,True,74303,False,False
ON,True,True,NASDAQ,2026-06-30,True,1097864,False,False
ONEM,True,True,NASDAQ,2023-02-22,False,,True,True
ONON,True,True,NYSE,2026-06-30,True,1858985,False,False
OPCH,True,True,NASDAQ,2026-06-30,True,1014739,False,False
ORCL,True,True,NYSE,2026-06-30,True,1341439,False,False
OSCR,True,True,NYSE,2026-06-30,True,1568651,False,False
OTEX,True,True,NASDAQ,2026-06-30,True,1002638,False,False
OTRK,False,True,PINK,2026-06-30,False,,False,True
OUST,True,True,NASDAQ,2026-06-30,True,1816581,False,False
OVV,True,True,NYSE,2026-06-30,True,1792580,False,False
OWL,True,True,NYSE,2026-06-30,True,1823945,False,False
PAA,True,True,NASDAQ,2026-06-30,True,1070423,False,False
PAG,True,True,NYSE,2026-06-30,True,1019849,False,False
PAGP,True,True,NASDAQ,2026-06-30,True,1581990,False,False
PAR,True,True,NYSE,2026-06-30,True,708821,False,False
PATH,True,True,NYSE,2026-06-30,True,1734722,False,False
PAYC,True,True,NYSE,2026-06-30,True,1590955,False,False
PCTY,True,True,NASDAQ,2026-06-30,True,1591698,False,False
PDCO,True,True,NASDAQ,2025-04-17,False,,True,True
PDD,True,True,NASDAQ,2026-06-30,True,1737806,False,False
PEGA,True,True,NASDAQ,2026-06-30,True,1013857,False,False
PEN,True,True,NYSE,2026-06-30,True,1321732,False,False
PEP,True,True,NASDAQ,2026-06-30,True,77476,False,False
PFGC,True,True,NYSE,2026-06-30,True,1618673,False,False
PFPT,True,True,NASDAQ,2021-08-31,False,,True,True
PGR,True,True,NYSE,2026-06-30,True,80661,False,False
PHM,True,True,NYSE,2026-06-30,True,822416,False,False
PI,True,True,NASDAQ,2026-06-30,True,1114995,False,False
PING,True,True,NYSE,2022-10-17,False,,True,True
PINS,True,True,NYSE,2026-06-30,True,1506293,False,False
PJT,True,True,NYSE,2026-06-30,True,1626115,False,False
PKG,True,True,NYSE,2026-06-30,True,75677,False,False
PKI,False,False,,,False,,False,True
PLAN,True,True,NYSE,2022-06-22,False,,True,True
PLNT,True,True,NYSE,2026-06-30,True,1637207,False,False
PLTR,True,True,NASDAQ,2026-06-30,True,1321655,False,False
PODD,True,True,NASDAQ,2026-06-30,True,1145197,False,False
POWI,True,True,NASDAQ,2026-06-30,True,833640,False,False
POWL,True,True,NASDAQ,2026-06-30,True,80420,False,False
PR,True,True,NYSE,2026-06-30,True,1658566,False,False
PRCT,True,True,NASDAQ,2026-06-30,True,1588978,False,False
PRFT,True,True,NASDAQ,2024-10-10,False,,True,True
PRIM,True,True,NYSE,2026-06-30,True,1361538,False,False
PSIX,True,True,NASDAQ,2026-06-30,True,1137091,False,False
PSN,True,True,NYSE,2026-06-30,True,275880,False,False
PSTG,False,False,,,False,,False,True
PTC,True,True,NASDAQ,2026-06-30,True,857005,False,False
PTCT,True,True,NASDAQ,2026-06-30,True,1070081,False,False
PTGX,True,True,NASDAQ,2026-06-30,True,1377121,False,False
PWR,True,True,NYSE,2026-06-30,True,1050915,False,False
PYPL,True,True,NASDAQ,2026-06-30,True,1633917,False,False
Q,True,True,NYSE,2026-06-30,True,2058873,False,False
QCOM,True,True,NASDAQ,2026-06-30,True,804328,False,False
QDEL,True,True,NASDAQ,2026-06-30,True,1906324,False,False
QLYS,True,True,NASDAQ,2026-06-30,True,1107843,False,False
QNST,True,True,NASDAQ,2026-06-30,True,1117297,False,False
QRVO,True,True,NASDAQ,2026-06-30,True,1604778,False,False
QSR,True,True,NYSE,2026-06-30,True,1618756,False,False
QTNA,True,True,NASDAQ,2019-06-18,False,,True,True
QTWO,True,True,NYSE,2026-06-30,True,1410384,False,False
QUBT,True,True,NASDAQ,2026-06-30,True,1758009,False,False
QURE,True,True,NASDAQ,2026-06-30,True,1590560,False,False
R,True,True,NYSE,2026-06-30,True,85961,False,False
RACE,True,True,NYSE,2026-06-30,True,1648416,False,False
RARX,True,True,NASDAQ,2020-04-02,False,,True,True
RBLX,True,True,NYSE,2026-06-30,True,1315098,False,False
RBRK,True,True,NYSE,2026-06-30,True,1943896,False,False
RCII,False,False,,,False,,False,True
RDDT,True,True,NYSE,2026-06-30,True,1713445,False,False
RDN,True,True,NYSE,2026-06-30,True,890926,False,False
REGN,True,True,NASDAQ,2026-06-30,True,872589,False,False
RELL,True,True,NASDAQ,2026-06-30,True,355948,False,False
REVG,True,True,NYSE,2026-06-30,False,,False,True
RGEN,True,True,NASDAQ,2026-06-30,True,730272,False,False
RGP,True,True,NASDAQ,2026-06-30,True,1084765,False,False
RH,True,True,NYSE,2026-06-30,True,1528849,False,False
RIGL,True,True,NASDAQ,2026-06-30,True,1034842,False,False
RKLB,True,True,NASDAQ,2026-06-30,True,1819994,False,False
RKT,True,True,NYSE,2026-06-30,True,1805284,False,False
RMBS,True,True,NASDAQ,2026-06-30,True,917273,False,False
RMD,True,True,NYSE,2026-06-30,True,943819,False,False
RNG,True,True,NYSE,2026-06-30,True,1384905,False,False
ROAD,True,True,NASDAQ,2026-06-30,True,1718227,False,False
ROK,True,True,NYSE,2026-06-30,True,1024478,False,False
ROKU,True,True,NASDAQ,2026-06-30,True,1428439,False,False
ROOT,True,True,NASDAQ,2026-06-30,True,1788882,False,False
RP,True,True,NASDAQ,2021-04-22,False,,True,True
RPAY,True,True,NASDAQ,2026-06-30,True,1720592,False,False
RPD,True,True,NASDAQ,2026-06-30,True,1560327,False,False
RS,True,True,NYSE,2026-06-30,True,861884,False,False
RSG,True,True,NYSE,2026-06-30,True,1060391,False,False
RSP,True,True,NYSE,2026-06-30,False,,False,True
RUN,True,True,NASDAQ,2026-06-30,True,1469367,False,False
RVLV,True,True,NYSE,2026-06-30,True,1746618,False,False
RYAN,True,True,NYSE,2026-06-30,True,1849253,False,False
RYTM,True,True,NASDAQ,2026-06-30,True,1649904,False,False
SAH,True,True,NYSE,2026-06-30,True,1043509,False,False
SANM,True,True,NASDAQ,2026-06-30,True,897723,False,False
SAP,True,True,NYSE,2026-06-30,True,1000184,False,False
SBLK,True,True,NASDAQ,2026-06-30,True,1386716,False,False
SBS,True,True,NYSE,2026-06-30,True,1170858,False,False
SBUX,True,True,NASDAQ,2026-06-30,True,829224,False,False
SCCO,True,True,NYSE,2026-06-30,True,1001838,False,False
SCI,True,True,NYSE,2026-06-30,True,89089,False,False
SCPL,True,True,NASDAQ,2023-10-23,False,,True,True
SE,True,True,NYSE,2026-06-30,True,1703399,False,False
SEAS,False,False,,,False,,False,True
SEDG,True,True,NASDAQ,2026-06-30,True,1419612,False,False
SEI,True,True,NYSE,2026-06-30,True,1697500,False,False
SEIC,True,True,NASDAQ,2026-06-30,True,350894,False,False
SGEN,True,True,NASDAQ,2026-06-30,False,,False,True
SHOP,True,True,NASDAQ,2026-06-30,True,1594805,False,False
SI,True,True,NYSE,2026-06-30,True,1699350,False,False
SIL,True,True,NYSE,2026-06-30,False,,False,True
SIMO,True,True,NASDAQ,2026-06-30,True,1329394,False,False
SITE,True,True,NYSE,2026-06-30,True,1650729,False,False
SKIN,True,True,NASDAQ,2026-06-30,True,1818093,False,False
SMAR,True,True,NYSE,2025-01-22,False,,True,True
SMCI,True,True,NASDAQ,2026-06-30,True,1375365,False,False
SMH,True,True,NASDAQ,2026-06-30,False,,False,True
SMPL,True,True,NASDAQ,2026-06-30,True,1702744,False,False
SMR,True,True,NYSE,2026-06-30,True,1822966,False,False
SMTC,True,True,NASDAQ,2026-06-30,True,88941,False,False
SN,True,True,NYSE,2026-06-30,True,1957132,False,False
SNAP,True,True,NYSE,2026-06-30,True,1564408,False,False
SNBR,True,True,NASDAQ,2026-06-30,True,827187,False,False
SNDK,True,True,NASDAQ,2026-06-30,True,2023554,False,False
SNEX,True,True,NASDAQ,2026-06-30,True,913760,False,False
SNOW,True,True,NYSE,2026-06-30,True,1640147,False,False
SNPS,True,True,NASDAQ,2026-06-30,True,883241,False,False
SOLS,True,True,NASDAQ,2026-06-30,True,2064953,False,False
SONO,True,True,NASDAQ,2026-06-30,True,1314727,False,False
SOUN,True,True,NASDAQ,2026-06-30,True,1840856,False,False
SPIR,True,True,NYSE,2026-06-30,True,1816017,False,False
SPLK,True,True,NASDAQ,2026-06-30,False,,False,True
SPOT,True,True,NYSE,2026-06-30,True,1639920,False,False
SPXC,True,True,NYSE,2026-06-30,True,88205,False,False
SQ,False,False,,,False,,False,True
SQM,True,True,NYSE,2026-06-30,True,909037,False,False
SQSP,True,True,NYSE,2024-10-18,False,,True,True
SRE,True,True,NYSE,2026-06-30,True,1032208,False,False
SSNC,True,True,NASDAQ,2026-06-30,True,1402436,False,False
SSRM,True,True,NASDAQ,2026-06-30,True,921638,False,False
SSTK,True,True,NYSE,2026-06-30,True,1549346,False,False
STE,True,True,NYSE,2026-06-30,True,1757898,False,False
STEP,True,True,NASDAQ,2026-06-30,True,1796022,False,False
STL,True,True,NYSE,2022-01-31,False,,True,True
STLD,True,True,NASDAQ,2026-06-30,True,1022671,False,False
STNE,True,True,NASDAQ,2026-06-30,True,1745431,False,False
STOK,True,True,NASDAQ,2026-06-30,True,1623526,False,False
STRL,True,True,NASDAQ,2026-06-30,True,874238,False,False
STX,True,True,NASDAQ,2026-06-30,True,1137789,False,False
SUM,True,True,NYSE,2025-02-10,False,,True,True
SUN,True,True,NYSE,2026-06-30,True,1552275,False,False
SWAV,True,True,NASDAQ,2024-05-31,False,,True,True
SWIR,True,True,NASDAQ,2023-01-12,False,,True,True
SYM,True,True,NASDAQ,2026-06-30,True,1837240,False,False
SYY,True,True,NYSE,2026-06-30,True,96021,False,False
TA,True,True,NASDAQ,2023-05-15,False,,True,True
TAL,True,True,NYSE,2026-06-30,True,1499620,False,False
TAYD,True,True,NASDAQ,2026-06-30,True,96536,False,False
TDC,True,True,NYSE,2026-06-30,True,816761,False,False
TDOC,True,True,NYSE,2026-06-30,True,1477449,False,False
TEAM,True,True,NASDAQ,2026-06-30,True,1650372,False,False
TECK,True,True,NYSE,2026-06-30,True,886986,False,False
TER,True,True,NASDAQ,2026-06-30,True,97210,False,False
TFII,True,True,NYSE,2026-06-30,True,1588823,False,False
TGLS,True,True,NYSE,2026-06-30,True,1534675,False,False
TGTX,True,True,NASDAQ,2026-06-30,True,1001316,False,False
THC,True,True,NYSE,2026-06-30,True,70318,False,False
TILE,True,True,NASDAQ,2026-06-30,True,715787,False,False
TIPT,True,True,NASDAQ,2026-06-30,True,1393726,False,False
TITN,True,True,NASDAQ,2026-06-30,True,1409171,False,False
TKO,True,True,NYSE,2026-06-30,True,1973266,False,False
TM,True,True,NYSE,2026-06-30,True,1094517,False,False
TMDX,True,True,NASDAQ,2026-06-30,True,1756262,False,False
TME,True,True,NYSE,2026-06-30,True,1744676,False,False
TMUS,True,True,NASDAQ,2026-06-30,True,1283699,False,False
TNDM,True,True,NASDAQ,2026-06-30,True,1438133,False,False
TNET,True,True,NYSE,2026-06-30,True,937098,False,False
TOL,True,True,NYSE,2026-06-30,True,794170,False,False
TOST,True,True,NYSE,2026-06-30,True,1650164,False,False
TPTX,True,True,NASDAQ,2022-09-08,False,,True,True
TPX,False,False,,,False,,False,True
TQQQ,True,True,NASDAQ,2026-06-30,False,,False,True
TREX,True,True,NYSE,2026-06-30,True,1069878,False,False
TRN,True,True,NYSE,2026-06-30,True,99780,False,False
TRV,True,True,NYSE,2026-06-30,True,86312,False,False
TS,True,True,NYSE,2026-06-30,True,1190723,False,False
TSCO,True,True,NASDAQ,2026-06-30,True,916365,False,False
TSLA,True,True,NASDAQ,2026-06-30,True,1318605,False,False
TSM,True,True,NYSE,2026-06-30,True,1046179,False,False
TSN,True,True,NYSE,2026-06-30,True,100493,False,False
TSSI,True,True,NASDAQ,2026-06-30,True,1320760,False,False
TT,True,True,NYSE,2026-06-30,True,1466258,False,False
TTC,True,True,NYSE,2026-06-30,True,737758,False,False
TTD,True,True,NASDAQ,2026-06-30,True,1671933,False,False
TTEK,True,True,NASDAQ,2026-06-30,True,831641,False,False
TTGT,True,True,NASDAQ,2026-06-30,True,2018064,False,False
TTWO,True,True,NASDAQ,2026-06-30,True,946581,False,False
TVTX,True,True,NASDAQ,2026-06-30,True,1438533,False,False
TW,True,True,NASDAQ,2026-06-30,True,1758730,False,False
TWI,True,True,NYSE,2026-06-30,True,899751,False,False
TWLO,True,True,NYSE,2026-06-30,True,1447669,False,False
TWST,True,True,NASDAQ,2026-06-30,True,1581280,False,False
TWTR,True,True,NYSE,2022-10-28,False,,True,True
TXN,True,True,NASDAQ,2026-06-30,True,97476,False,False
TYL,True,True,NYSE,2026-06-30,True,860731,False,False
TZOO,True,True,NASDAQ,2026-06-30,True,1133311,False,False
U,True,True,NYSE,2026-06-30,True,1810806,False,False
UAA,True,True,NYSE,2026-06-30,True,1336917,False,False
UBER,True,True,NYSE,2026-06-30,True,1543151,False,False
UBNT,False,False,,,False,,False,True
UBS,True,True,NYSE,2026-06-30,True,1610520,False,False
UCTT,True,True,NASDAQ,2026-06-30,True,1275014,False,False
UFO,True,True,NASDAQ,2026-06-30,False,,False,True
UFPT,True,True,NASDAQ,2026-06-30,True,914156,False,False
UHS,True,True,NYSE,2026-06-30,True,352915,False,False
ULTA,True,True,NASDAQ,2026-06-30,True,1403568,False,False
UNFI,True,True,NYSE,2026-06-30,True,1020859,False,False
UNH,True,True,NYSE,2026-06-30,True,731766,False,False
UPST,True,True,NASDAQ,2026-06-30,True,1647639,False,False
URBN,True,True,NASDAQ,2026-06-30,True,912615,False,False
USFD,True,True,NYSE,2026-06-30,True,1665918,False,False
UTI,True,True,NYSE,2026-06-30,True,1261654,False,False
UUUU,True,True,AMEX,2026-06-30,True,1385849,False,False
V,True,True,NYSE,2026-06-30,True,1403161,False,False
VALE,True,True,NYSE,2026-06-30,True,917851,False,False
VCEL,True,True,NASDAQ,2026-06-30,True,887359,False,False
VCTR,True,True,NASDAQ,2026-06-30,True,1570827,False,False
VCYT,True,True,NASDAQ,2026-06-30,True,1384101,False,False
VEEV,True,True,NYSE,2026-06-30,True,1393052,False,False
VIAV,True,True,NASDAQ,2026-06-30,True,912093,False,False
VIPS,True,True,NYSE,2026-06-30,True,1529192,False,False
VIST,True,True,NYSE,2026-06-30,True,1762506,False,False
VITL,True,True,NASDAQ,2026-06-30,True,1579733,False,False
VKTX,True,True,NASDAQ,2026-06-30,True,1607678,False,False
VLO,True,True,NYSE,2026-06-30,True,1035002,False,False
VMC,True,True,NYSE,2026-06-30,True,1396009,False,False
VMI,True,True,NYSE,2026-06-30,True,102729,False,False
VMW,True,True,NYSE,2023-11-22,False,,True,True
VNET,True,True,NASDAQ,2026-06-30,True,1508475,False,False
VOYA,True,True,NYSE,2026-06-30,True,1535929,False,False
VRNS,True,True,NASDAQ,2026-06-30,True,1361113,False,False
VRT,True,True,NYSE,2026-06-30,True,1674101,False,False
VRTV,True,True,NYSE,2023-11-30,False,,True,True
VRTX,True,True,NASDAQ,2026-06-30,True,875320,False,False
VSEC,True,True,NASDAQ,2026-06-30,True,102752,False,False
VTNR,False,False,,,False,,False,True
W,True,True,NYSE,2026-06-30,True,1616707,False,False
WAB,True,True,NYSE,2026-06-30,True,943452,False,False
WAY,True,True,NASDAQ,2026-06-30,True,1990354,False,False
WBS,True,True,NYSE,2026-06-30,True,801337,False,False
WCC,True,True,NYSE,2026-06-30,True,929008,False,False
WCN,True,True,NYSE,2026-06-30,True,1318220,False,False
WDAY,True,True,NASDAQ,2026-06-30,True,1327811,False,False
WDFC,True,True,NASDAQ,2026-06-30,True,105132,False,False
WEAV,True,True,NYSE,2026-06-30,True,1609151,False,False
WGO,True,True,NYSE,2026-06-30,True,107687,False,False
WGS,True,True,NASDAQ,2026-06-30,True,1818331,False,False
WHR,True,True,NYSE,2026-06-30,True,106640,False,False
WING,True,True,NASDAQ,2026-06-30,True,1636222,False,False
WIRE,True,True,NASDAQ,2024-07-03,False,,True,True
WIX,True,True,NASDAQ,2026-06-30,True,1576789,False,False
WK,True,True,NYSE,2026-06-30,True,1445305,False,False
WKHS,True,True,NASDAQ,2026-06-30,True,1425287,False,False
WLDN,True,True,NASDAQ,2026-06-30,True,1370450,False,False
WLK,True,True,NYSE,2026-06-30,True,1262823,False,False
WM,True,True,NYSE,2026-06-30,True,823768,False,False
WMS,True,True,NYSE,2026-06-30,True,1604028,False,False
WPM,True,True,NYSE,2026-06-30,True,1323404,False,False
WSC,True,True,NASDAQ,2026-06-30,True,1647088,False,False
WST,True,True,NYSE,2026-06-30,True,105770,False,False
WWD,True,True,NASDAQ,2026-06-30,True,108312,False,False
WWE,True,True,NYSE,2023-09-11,False,,True,True
X,True,True,NYSE,2025-06-18,False,,True,True
XENE,True,True,NASDAQ,2026-06-30,True,1582313,False,False
XLNX,True,True,NASDAQ,2022-02-14,False,,True,True
XLV,True,True,NYSE,2026-06-30,False,,False,True
XNCR,True,True,NASDAQ,2026-06-30,True,1326732,False,False
XOM,True,True,NYSE,2026-06-30,True,34088,False,False
XP,True,True,NASDAQ,2026-06-30,True,1787425,False,False
XPEL,True,True,NASDAQ,2026-06-30,True,1767258,False,False
XPO,True,True,NYSE,2026-06-30,True,1166003,False,False
YELP,True,True,NYSE,2026-06-30,True,1345016,False,False
YETI,True,True,NYSE,2026-06-30,True,1670592,False,False
YOU,True,True,NYSE,2026-06-30,True,1856314,False,False
YPF,True,True,NYSE,2026-06-30,True,904851,False,False
YUM,True,True,NYSE,2026-06-30,True,1041061,False,False
YUMC,True,True,NYSE,2026-06-30,True,1673358,False,False
ZBRA,True,True,NASDAQ,2026-06-30,True,877212,False,False
ZI,False,False,,,False,,False,True
ZIM,True,True,NYSE,2026-06-30,True,1654126,False,False
ZLAB,True,True,NASDAQ,2026-06-30,True,1704292,False,False
ZM,True,True,NASDAQ,2026-06-30,True,1585521,False,False
ZS,True,True,NASDAQ,2026-06-30,True,1713683,False,False
ZTO,True,True,NYSE,2026-06-30,True,1677250,False,False
ZTS,True,True,NYSE,2026-06-30,True,1555280,False,False
ZYME,True,True,NASDAQ,2026-06-30,True,1937653,False,False
