date,alloc_band,market_state_text,cash_pct,invested_pct,invested_source,n_positions,nasdaq_close,nasdaq_wk_ret,nasdaq_ytd,sp_close,sp_wk_ret,sp_ytd
2018-11-30,,Market in correction - New Uptrend 11/27,,0.3828,inferred_dir+pos,4,7330.54,0.05643,,,,
2018-12-07,,Confirmed uptrend - Nov 28,,0.2871,inferred_dir+pos,3,6969.25,-0.04929,,,,
2018-12-14,,Uptrend under pressure - Dec 4,,0.0957,inferred_dir+pos,1,6910.66,-0.00841,,,,
2018-12-21,,Uptrend under pressure - Dec 4,,0.0,inferred_dir+pos,0,6332.99,-0.08359,,,,
2018-12-28,,Market in correction 12/17.,,0.0,inferred_dir+pos,0,6584.52,0.03972,,,,
2019-01-04,,Market in correction 12/17.,,0.0,inferred_dir+pos,0,6738.86,0.02344,,,,
2019-01-11,,Confirmed uptrend 01/04/19,,0.0957,inferred_dir+pos,1,6971.48,0.03452,,,,
2019-01-18,,Confirmed uptrend 01/04/19,,0.2871,inferred_dir+pos,3,7157.23,0.02664,,,,
2019-01-25,,Confirmed uptrend 01/04/19,,0.3828,inferred_dir+pos,4,7164.86,0.00107,,,,
2019-02-01,,Confirmed uptrend 01/04/19,,0.4785,inferred_dir+pos,5,7263.87,0.01382,,,,
2019-02-08,,Confirmed uptrend 01/04/19,,0.6699,inferred_dir+pos,7,7298.2,0.00473,,,,
2019-02-15,,Confirmed uptrend 01/04/19,,0.6699,inferred_dir+pos,7,7472.41,0.02387,,,,
2019-02-22,,Confirmed uptrend 01/04/19,,0.6699,inferred_dir+pos,7,7527.54,0.00738,,,,
2019-03-01,,Confirmed uptrend 01/04/19,,0.6699,inferred_dir+pos,7,7595.35,0.00901,,,,
2019-03-08,,Confirmed uptrend 01/04/19,,0.6699,inferred_dir+pos,7,7408.14,-0.02465,,,,
2019-03-15,,Confirmed uptrend 01/04/19,,0.4785,inferred_dir+pos,5,7688.53,0.03785,,,,
2019-03-22,,Uptrend under pressure 03-22-19,,0.7656,inferred_dir+pos,8,7642.67,-0.00596,,,,
2019-03-29,,Uptrend under pressure 03-22-19,,0.7656,inferred_dir+pos,8,7729.32,0.01134,,,,
2019-04-05,,Uptrend resumes 04-01-19,,0.7656,inferred_dir+pos,8,7938.69,0.02709,,,,
2019-04-12,,Uptrend resumes 04-01-19,,0.7656,inferred_dir+pos,8,7984.16,0.00573,,,,
2019-04-19,,Uptrend resumes 04-01-19,0.2407,0.7593,cash_field,10,7998.06,0.00174,,,,
2019-04-26,,Uptrend resumes 04-01-19,0.3119,0.6881,cash_field,10,8146.4,0.01855,,,,
2019-05-03,,Uptrend resumes 04-01-19,0.1558,0.8442,cash_field,11,8164,0.00216,,,,
2019-05-10,,Uptrend under pressure 05/07/19,0.2619,0.7381,cash_field,10,7916.94,-0.03026,,,,
2019-05-17,,Market in correction 05/13,0.3639,0.6361,cash_field,9,7816.29,-0.01271,,,,
2019-05-24,,Market in correction 05/13,0.3449,0.6551,cash_field,8,7637.01,-0.02294,,,,
2019-05-31,,Market in correction 05/13,0.2741,0.7259,cash_field,9,7453.15,-0.02407,,,,
2019-06-07,,Market in correction 05/13,0.4742,0.5258,cash_field,7,7742.1,0.03877,,,,
2019-06-14,,Confirmed Uptrend 06/07/19,0.4637,0.5363,cash_field,7,7796.66,0.00705,,,,
2019-06-21,,Confirmed Uptrend 06/07/19,0.532,0.468,cash_field,8,8031.71,0.03015,,,,
2019-06-28,,Confirmed Uptrend 06/07/19,0.2583,0.7417,cash_field,10,8006.24,-0.00317,,,,
2019-07-05,,Confirmed Uptrend 06/07/19,0.3965,0.6035,cash_field,8,8161.79,0.01943,,,,
2019-07-12,,Confirmed Uptrend 06/07/19,0.1915,0.8085,cash_field,9,8244.15,0.01009,,,,
2019-07-19,,Confirmed Uptrend 06/07/19,0.1924,0.8076,cash_field,10,8146.49,-0.01185,,,,
2019-07-26,,Confirmed Uptrend 06/07/19,0.1152,0.8848,cash_field,11,8330.21,0.02255,,,,
2019-08-02,,Uptrend under pressure Aug 1,0.1101,0.8899,cash_field,11,8003.23,-0.03925,,,,
2019-08-09,,Market in correction Aug 6,0.3234,0.6766,cash_field,9,7959.14,-0.00551,,,,
2019-08-16,,Confirmed uptrend 08/13,0.5508,0.4492,cash_field,6,7895.99,-0.00793,,,,
2019-08-23,,Confirmed uptrend 08/13,0.6164,0.3836,cash_field,5,7751.77,-0.01826,,,,
2019-08-30,,Uptrend under pressure 08/14,0.3246,0.6754,cash_field,7,7959.57,0.02681,,,,
2019-09-06,,Uptrend resumes 09-06-19,0.2697,0.7303,cash_field,5,8103.07,0.01803,,,,
2019-09-13,,Uptrend resumes 09-06-19,0.2697,0.7303,cash_field,5,8176.72,0.00909,,,,
2019-09-20,,Uptrend resumes 09-06-19,0.0759,0.9241,cash_field,7,8117.68,-0.00722,,,,
2019-09-27,,Uptrend resumes 09-06-19,0.0192,0.9808,cash_field,8,7939.63,-0.0219,,,,
2019-10-04,,Uptrend under pressure 09/24,0.1573,0.8427,cash_field,7,7982.47,0.0054,,,,
2019-10-11,,Uptrend under pressure 09/24,0.3492,0.6508,cash_field,5,8057.04,0.00934,,,,
2019-10-18,,Uptrend resumes 10-15-19,,0.4785,inferred_dir+pos,5,8089.54,0.00403,,,,
2019-10-25,,Uptrend resumes 10-15-19,0.3628,0.6372,cash_field,5,8243.12,0.01899,,,,
2019-11-01,,Confirmed uptrend 10-15-19,0.2048,0.7952,cash_field,6,8383.94,0.01708,,,,
2019-11-08,,Confirmed uptrend 10-15-19,0.1014,0.8986,cash_field,7,8475.31,0.0106,,,,
2019-11-15,,Confirmed uptrend 10-15-19,0.0996,0.9004,cash_field,8,8540.83,0.00773,,,,
2019-11-22,,Confirmed uptrend 10-15-19,0.0822,0.9178,cash_field,8,8519.88,-0.00245,,,,
2019-11-29,,Confirmed uptrend 10-15-19,0.0835,0.9165,cash_field,8,8670.08,0.01763,,,,
2019-12-06,,Confirmed uptrend 10-15-19,0.0897,0.9103,cash_field,8,8656.53,-0.00156,,,,
2019-12-13,,Confirmed uptrend 10-15-19,0.0898,0.9102,cash_field,10,8734.88,0.00905,,,,
2019-12-20,,Confirmed uptrend 10-15-19,0.065,0.935,cash_field,10,8924.96,0.02176,,,,
2019-12-27,,Confirmed uptrend 10-15-19,0.3517,0.6483,cash_field,8,9006.62,0.00915,,,,
2019-12-31,,Confirmed uptrend 10-15-19,0.2461,0.7539,cash_field,9,8972.61,-0.00378,,,,
2020-01-03,,Confirmed uptrend 10-15-19,0.3637,0.6363,cash_field,8,9020.77,0.00157,,,,
2020-01-10,,Confirmed uptrend 10-15-19,0.1618,0.8382,cash_field,10,9178.86,0.01753,,,,
2020-01-17,,Confirmed uptrend 10-15-19,0.1031,0.8969,cash_field,9,9388.94,0.02289,,,,
2020-01-24,,Confirmed uptrend 10-15-19,0.1369,0.8631,cash_field,9,9314.91,-0.00788,,,,
2020-01-31,,Uptrend under pressure 01-31-20,0.2423,0.7577,cash_field,8,9150.94,-0.0176,,,,
2020-02-07,,Uptrend resumes 02-04-20,0.2073,0.7927,cash_field,9,9520.51,0.04039,,,,
2020-02-14,,Uptrend resumes 02-04-20,0.1624,0.8376,cash_field,9,9731.18,0.02213,,,,
2020-02-21,,Uptrend resumes 02-04-20,0.2978,0.7022,cash_field,8,9576.59,-0.01589,,,,
2020-02-28,,Market in correction 02/25/20,0.8375,0.1625,cash_field,2,8567.37,-0.10538,,,,
2020-03-06,,Market in correction 02/25/20,0.8619,0.1381,cash_field,1,8575.62,0.00096,,,,
2020-03-13,,Market in correction 02/25/20,1.0,0.0,cash_field,0,7874.88,-0.08171,,,,
2020-03-20,,Market in correction 02/25/20,1.0,0.0,cash_field,0,6879.52,-0.1264,,,,
2020-03-27,,Market in correction 02/25/20,1.0,0.0,cash_field,0,7498.74,0.09001,,,,
2020-04-03,,Confirmed Uptrend 04-02-20,1.0,0.0,cash_field,0,7373.08,-0.01723,,,,
2020-04-10,,Confirmed Uptrend 04-02-20,1.0,0.0,cash_field,0,8153.37,0.10583,,,,
2020-04-17,,Confirmed Uptrend 04-02-20,0.7386,0.2614,cash_field,5,8650.14,0.06093,,,,
2020-04-24,,Confirmed Uptrend 04-02-20,0.4107,0.5893,cash_field,6,8629.68,-0.00237,,,,
2020-05-01,,Confirmed Uptrend 04-02-20,0.2288,0.7712,cash_field,7,8604.95,-0.0024,,,,
2020-05-08,,Confirmed Uptrend 04-02-20,0.1783,0.8217,cash_field,7,9121.32,0.06001,,,,
2020-05-15,,Confirmed Uptrend 04-02-20,0.1789,0.8211,cash_field,7,9014.56,-0.0117,,,,
2020-05-22,,Confirmed Uptrend 04-02-20,0.1208,0.8792,cash_field,7,9324.59,0.03439,,,,
2020-05-29,,Confirmed Uptrend 04-02-20,0.1259,0.8741,cash_field,7,9489.87,0.01773,,,,
2020-06-05,,Confirmed Uptrend 04-02-20,0.0953,0.9047,cash_field,9,9814.08,0.03416,,3193.93,0.04915,
2020-06-12,,Confirmed Uptrend 04-02-20,0.2346,0.7654,cash_field,8,9588.81,-0.02295,,3041.31,-0.04778,
2020-06-19,,Confirmed Uptrend 04-02-20,0.0847,0.9153,cash_field,9,9946.12,0.03726,,3097.74,0.01855,
2020-06-26,,Confirmed Uptrend 04-02-20,0.0893,0.9107,cash_field,9,9757.22,-0.01899,,3009.05,-0.02863,
2020-07-03,,Confirmed Uptrend 04-02-20,0.0723,0.9277,cash_field,10,10207.63,0.04616,,3083.76,0.02483,
2020-07-10,,Confirmed Uptrend 04-02-20,0.0687,0.9313,cash_field,11,10617.45,0.04015,,3185.04,0.01758,
2020-07-17,,Confirmed Uptrend 04-02-20,0.2083,0.7917,cash_field,10,10503.19,-0.01076,,3224.73,0.01246,
2020-07-24,,Confirmed Uptrend 04-02-20,0.0931,0.9069,cash_field,9,10363.18,-0.01333,,3215.63,-0.00282,
2020-08-07,,Confirmed Uptrend 04-02-20,0.0782,0.9218,cash_field,10,11010.98,0.02473,,3351.28,0.02451,
2020-08-14,,Confirmed Uptrend 04-02-20,0.2574,0.7426,cash_field,9,11019.3,0.00076,,3372.85,0.00644,
2020-08-21,,Confirmed Uptrend 04-02-20,0.2591,0.7409,cash_field,8,11311.8,0.02654,,3397.16,0.00721,
2020-08-28,,Confirmed Uptrend 04-02-20,0.0446,0.9554,cash_field,10,11695.63,0.03393,,3508.01,0.03263,
2020-09-04,,Confirmed Uptrend 04-02-20,0.4428,0.5572,cash_field,4,11313.13,-0.0327,,3426.96,-0.0231,
2020-09-11,,Uptrend under pressure 09-08-20,0.4107,0.5893,cash_field,5,10853.55,-0.04062,,3340.97,-0.02509,
2020-09-18,,Uptrend under pressure 09-08-20,0.3759,0.6241,cash_field,5,10793.28,-0.00555,,3319.28,-0.00649,
2020-09-25,,Market in correction 09-23-20,0.5222,0.4778,cash_field,4,10913.56,0.01114,,3298.46,-0.00627,
2020-10-09,,Confirmed uptrend 09/30/20,0.4497,0.5503,cash_field,4,11579.95,0.04559,,3477.13,0.03843,
2020-10-16,,Confirmed uptrend 09/30/20,0.2591,0.7409,cash_field,6,11671.55,0.00791,,3483.81,0.00192,
2020-10-23,,Confirmed uptrend 09/30/20,0.2293,0.7707,cash_field,6,11548.28,-0.01056,,3465.39,-0.00529,
2020-11-06,,Confirmed uptrend 11/04/20,0.6111,0.3889,cash_field,4,11895.23,0.09015,,3509.44,0.07324,
2020-11-13,,Confirmed uptrend 11/04/20,0.4627,0.5373,cash_field,5,11829.29,-0.00554,,3585.14,0.02157,
2020-11-20,,Confirmed uptrend 11/04/20,0.2515,0.7485,cash_field,7,11854.97,0.00044,,3557.54,-0.0077,
2020-11-27,,Confirmed uptrend 11/04/20,0.2696,0.7304,cash_field,6,12205.85,0.0296,,3638.35,0.02272,
2020-12-04,,Confirmed uptrend 11/04/20,0.0612,0.9388,cash_field,8,12464.23,0.02117,,3699.12,0.0167,
2020-12-11,,Confirmed uptrend 11/04/20,0.0586,0.9414,cash_field,8,12377.87,-0.00693,,3663.46,-0.00964,
2020-12-18,,Confirmed uptrend 11/04/20,0.0294,0.9706,cash_field,8,12755.64,0.03052,,3709.41,0.01254,
2020-12-25,,Confirmed uptrend 11/04/20,0.0303,0.9697,cash_field,8,12804.73,0.00385,,3703.06,-0.00171,
2021-01-08,,Confirmed uptrend 11/04/20,0.0831,0.9169,cash_field,8,13201.98,0.02434,,3824.68,0.01827,
2021-01-15,,Confirmed uptrend 11/04/20,0.3248,0.6752,cash_field,6,12998.5,-0.01541,,3768.25,-0.01475,
2021-01-22,,Confirmed uptrend 11/04/20,0.151,0.849,cash_field,7,13543.06,0.04189,,3841.47,0.01943,
2021-01-29,,Uptrend under pressure 01/29/21,0.6773,0.3227,cash_field,3,13070.7,-0.03488,,3714.24,-0.03312,
2021-02-05,,Uptrend resumes 02-02-21,0.4812,0.5188,cash_field,5,13856.3,0.0601,,3886.83,0.04647,
2021-02-12,,Uptrend resumes 02-02-21,0.3501,0.6499,cash_field,7,14095.47,0.01726,,3934.83,0.01235,
2021-02-19,,Uptrend resumes 02-02-21,0.4807,0.5193,cash_field,5,13874.46,-0.01568,,3906.71,-0.00715,
2021-02-26,,Uptrend under pressure 02-25-21,1.0,0.0,cash_field,0,13192.34,-0.04916,,3811.15,-0.02446,
2021-03-05,,Market in correction 03/04,1.0,0.0,cash_field,0,12920.15,-0.02063,,3841.94,0.00808,
2021-03-12,,Uptrend resumes 03-10-21,1.0,0.0,cash_field,0,13319.86,0.03094,,3943.34,0.02639,
2021-03-19,,Uptrend resumes 03-10-21,0.8118,0.1882,cash_field,3,13215.23,-0.00786,,3913.1,-0.00767,
2021-03-26,,Uptrend under pressure 03-24-21,1.0,0.0,cash_field,0,13138.73,-0.00579,,3974.54,0.0157,
2021-04-02,,Uptrend resumes 03-26-21,1.0,0.0,cash_field,0,13480.11,0.02598,,4019.87,0.01141,
2021-04-09,,Uptrend resumes 03-26-21,0.4563,0.5437,cash_field,6,13900.18,0.03116,,4128.8,0.0271,
2021-04-16,,Uptrend resumes 03-26-21,0.4708,0.5292,cash_field,6,14052.34,0.01095,,4185.47,0.01373,
2021-04-23,,Uptrend resumes 03-26-21,0.3599,0.6401,cash_field,7,14016.81,-0.00253,,4180.11,-0.00128,
2021-04-30,,Uptrend resumes 03-26-21,0.2616,0.7384,cash_field,7,13962.68,-0.00386,,4181.17,0.00025,
2021-05-07,,Uptrend resumes 05-07-21,0.1602,0.8398,cash_field,8,13752.24,-0.01507,,4232.6,0.0123,
2021-05-14,,Uptrend under pressure 05-12-21,0.8921,0.1079,cash_field,1,13429.98,-0.02343,,4173.85,-0.01388,
2021-05-21,,Uptrend under pressure 05-12-21,1.0,0.0,cash_field,0,13470.99,0.00305,,4156.08,-0.00426,
2021-05-28,,Uptrend under pressure 05-12-21,1.0,0.0,cash_field,0,13748.74,0.02062,,4204.11,0.01156,
2021-06-04,,Uptrend resumes 06/04/21,1.0,0.0,cash_field,0,13814.49,0.00478,,4229.89,0.00613,
2021-06-11,,Uptrend resumes 06/04/21,1.0,0.0,cash_field,0,14069.42,0.01845,,4247.44,0.00415,
2021-06-18,,Uptrend under pressure 06/18,1.0,0.0,cash_field,0,14030.38,-0.00277,,4166.38,-0.01908,
2021-06-25,,Uptrnd resumes 06-22-21,1.0,0.0,cash_field,0,14360.39,0.02068,,4280.7,0.02744,
2021-07-02,,Uptrend resumes 06-22-21,0.6782,0.3218,cash_field,5,14639.32,0.01942,,4352.34,0.01674,
2021-07-09,,Uptrend resumes 06-22-21,0.4349,0.5651,cash_field,9,14701.92,0.00428,,4369.55,0.00395,
2021-07-16,,Uptrend under pressure 07/16/21,0.4499,0.5501,cash_field,9,14427.24,-0.01868,,4327.16,-0.0097,
2021-07-23,,Uptrend resumes 07/23,0.2599,0.7401,cash_field,10,14836.99,0.0284,,4411.81,0.01956,
2021-07-30,,Uptrend resumes 07/23,0.1492,0.8508,cash_field,11,14672.68,-0.01107,,4395.26,-0.00375,
2021-08-06,,Uptrend resumes 07/23,0.1496,0.8504,cash_field,11,14835.76,0.01111,,4436.52,0.00939,
2021-08-13,,Uptrend resumes 07/23,0.1514,0.8486,cash_field,11,14822.9,-0.00087,,4468,0.0071,
2021-08-20,,Uptrend resumes 07/23,0.1521,0.8479,cash_field,11,14714.66,-0.0073,,4441.67,-0.00589,
2021-08-27,,Uptrend resumes 07/23,0.0775,0.9225,cash_field,12,15129.5,0.02819,,4509.37,0.01524,
2021-09-03,,Uptrend resumes 07/23,0.0763,0.9237,cash_field,12,15363.52,0.01547,,4535.43,0.00578,
2021-09-10,,Uptrend resumes 07/23,0.2233,0.7767,cash_field,10,15115.5,-0.01615,,4458.58,-0.01694,
2021-09-17,,Uptrend resumes 07/23,0.278,0.722,cash_field,9,15043.97,-0.00473,,4432.99,-0.00574,
2021-10-01,,Market in correction 09/29/21,1.0,0.0,cash_field,0,14566.7,-0.03195,,4357.04,-0.02209,
2021-10-08,,Market in correction 09/29/21,1.0,0.0,cash_field,0,14897.46,0.02181,,4464.88,0.01675,
2021-10-15,,Confirmed uptrend 10-14-21,1.0,0.0,cash_field,0,14897.46,0.02181,,4464.88,0.01675,
2021-10-22,,Confirmed uptrend 10-14-21,1.0,0.0,cash_field,0,15090.28,0.01294,,4544.9,0.01792,
2021-10-29,,Confirmed uptrend 10-14-21,0.7063,0.2937,cash_field,4,15498.39,0.02704,,4605.38,0.01331,
2021-11-05,,Confirmed uptrend 10-14-21,0.4367,0.5633,cash_field,7,15971.59,0.03053,,4697.53,0.02001,
2021-11-12,,Confirmed uptrend 10-14-21,0.237,0.763,cash_field,8,15860.96,-0.00693,,4682.85,-0.00313,
2021-11-19,,Confirmed uptrend 10-14-21,0.3244,0.6756,cash_field,7,16045.27,0.01162,,4695.9,0.00279,
2021-11-26,,Confirmed uptrend 10-14-21,0.3395,0.6605,cash_field,7,15491.66,-0.0345,,4594.81,-0.02153,
2021-12-03,,Market in correction 12/05,0.9923,0.0077,cash_field,7,15085.47,-0.02622,,4538.43,-0.01227,
2021-12-10,,Market in correction 12/05,1.0,0.0,cash_field,0,15630.6,0.03614,,4712.02,0.03825,
2021-12-17,,Uptrend under pressure 12/17,1.0,0.0,cash_field,0,15169.68,-0.02949,,4620.64,-0.01939,
2021-12-23,,Uptrend resumes 12/23,1.0,0.0,cash_field,0,15653.37,0.03189,,4725.79,0.02276,
2021-12-31,,Uptrend resumes 12/23,1.0,0.0,cash_field,0,15644.97,-0.00054,,4766.18,0.00855,
2022-01-07,,Uptrend under pressure 01/05,1.0,0.0,cash_field,0,14935.9,-0.04532,,4677.03,-0.0187,
2022-01-14,,Uptrend under pressure 01/05,1.0,0.0,cash_field,0,14893.75,-0.00282,-0.04802,4662.85,-0.00303,-0.02168
2022-01-21,,Market in correction 01/18/22,1.0,0.0,cash_field,0,13768.92,-0.07552,-0.11991,4397.73,-0.05686,-0.07731
2022-01-28,,Market in correction 01/18/22,1.0,0.0,cash_field,0,13770.57,0.00012,-0.11981,4431.85,0.00776,-0.07015
2022-02-04,,Confirmed Uptrend 01/31,1.0,0.0,cash_field,0,14098.01,0.02378,-0.09888,4500.61,0.01551,-0.05572
2022-02-11,,Uptrend under pressure 02/11,1.0,0.0,cash_field,0,13791.15,-0.02177,-0.11849,4418.49,-0.01825,-0.07295
2022-02-18,,Uptrend under pressure 02/11,1.0,0.0,cash_field,0,13548.07,-0.01763,-0.13403,4348.87,-0.01576,-0.08756
2022-02-25,,Market in correction 02/23,1.0,0.0,cash_field,0,13694.62,0.01082,-0.12466,4384.62,0.00822,-0.08006
2022-03-04,,Market in correction 02/23,1.0,0.0,cash_field,0,13313.44,-0.02783,-0.14903,4328.87,-0.01271,-0.09175
2022-03-11,,Market in correction 02/23,1.0,0.0,cash_field,0,12843.81,-0.03527,-0.17905,4204.31,-0.02877,-0.11789
2022-03-18,,Confirmed Uptrend 03/16/22,1.0,0.0,cash_field,0,13893.94,0.08176,-0.11192,4463.12,0.06156,-0.06359
2022-03-25,,Confirmed Uptrend 03/16/22,1.0,0.0,cash_field,0,14169.3,0.01982,-0.09432,4543.06,0.01791,-0.04681
2022-04-01,,Confirmed Uptrend 03/16/22,1.0,0.0,cash_field,0,14261.5,0.00651,-0.08843,4545.8,0.0006,-0.04624
2022-04-08,,Uptrend under pressure 04/06,1.0,0.0,cash_field,0,13711,-0.0386,-0.12362,4488.28,-0.01265,-0.05831
2022-04-15,,Uptrend under pressure 04/06,1.0,0.0,cash_field,0,13351.08,-0.02625,-0.14662,4392.59,-0.02132,-0.07838
2022-04-22,,Market in correction 04/22/22,1.0,0.0,cash_field,0,12839.29,-0.03833,-0.17933,4271.78,-0.0275,-0.10373
2022-04-29,,Market in correction 04/22/22,1.0,0.0,cash_field,0,12334.64,-0.03931,-0.21159,4131.76,-0.03278,-0.13311
2022-05-06,,Market in correction 04/22/22,1.0,0.0,cash_field,0,12144.66,-0.0154,-0.22373,4123.67,-0.00196,-0.13481
2022-05-13,,Market in correction 04/22/22,1.0,0.0,cash_field,0,11805,-0.02797,-0.24544,4023.86,-0.0242,-0.15575
2022-05-20,,Uptrend under pressure 05/18,1.0,0.0,cash_field,0,11354.62,-0.03815,-0.27423,3901.37,-0.03044,-0.18145
2022-05-27,,Confirmed uptrend 05/26,1.0,0.0,cash_field,0,12131.43,0.06841,-0.22458,4158.24,0.06584,-0.12755
2022-06-03,,Confirmed uptrend 05/26,1.0,0.0,cash_field,0,12012.73,-0.00978,-0.23217,4108.44,-0.01198,-0.138
2022-06-10,,Market in correction 06/10,1.0,0.0,cash_field,0,11340.02,-0.056,-0.27517,3900.86,-0.05053,-0.18155
2022-06-17,,Market in correction 06/10,1.0,0.0,cash_field,0,10798.35,-0.04777,-0.30979,3674.84,-0.05794,-0.22898
2022-06-24,,Confirmed uptrend 06/24,1.0,0.0,cash_field,0,11607.62,0.07494,-0.25806,3911.74,0.06447,-0.17927
2022-07-01,,Uptrend under pressure 06/28,1.0,0.0,cash_field,0,11127.84,-0.04133,-0.28873,3825.36,-0.02208,-0.19739
2022-07-08,,Uptrend under pressure 06/28,1.0,0.0,cash_field,0,11635.25,0.0456,-0.25629,3899.37,0.01935,-0.18187
2022-07-15,,Uptrend under pressure 06/28,1.0,0.0,cash_field,0,11452.42,-0.01571,-0.26798,3863.16,-0.00929,-0.18946
2022-07-22,,Uptrend under pressure 06/28,1.0,0.0,cash_field,0,11834.11,0.03333,-0.24358,3961.63,0.02549,-0.1688
2022-07-29,,Uptrend resumes 07/28,1.0,0.0,cash_field,0,12390.69,0.04703,-0.20801,4130.44,0.04261,-0.13339
2022-08-05,,Confirmed uptrend 07/28,1.0,0.0,cash_field,0,12657.55,0.02154,-0.19095,4145.19,0.00357,-0.13029
2022-08-12,,Confirmed uptrend 07/28,1.0,0.0,cash_field,0,13047.19,0.03078,-0.16605,4280.15,0.03256,-0.10197
2022-08-19,,Confirmed uptrend 07/28,1.0,0.0,cash_field,0,12705.21,-0.02621,-0.1879,4228.48,-0.01207,-0.11282
2022-08-26,,Uptrend under pressure 08/26,1.0,0.0,cash_field,0,12141.71,-0.04435,-0.22392,4057.66,-0.0404,-0.14866
2022-09-02,,Uptrend under pressure 08/26,1.0,0.0,cash_field,0,11630.87,-0.04207,-0.25657,3924.41,-0.03284,-0.17661
2022-09-09,,Uptrend under pressure 08/26,1.0,0.0,cash_field,0,12112.31,0.04139,-0.2258,4067.36,0.03643,-0.14662
2022-09-16,,Uptrend under pressure 08/26,1.0,0.0,cash_field,0,11448.4,-0.05481,-0.26824,3873.44,-0.04768,-0.18731
2022-09-23,,Market in correction 09/16/22,1.0,0.0,cash_field,0,10867.93,-0.0507,-0.30534,3693.49,-0.04646,-0.22506
2022-09-30,,Market in correction 09/16/22,1.0,0.0,cash_field,0,10575.62,-0.0269,-0.32402,3585.62,-0.02921,-0.2477
2022-10-07,,Market in correction 09/16/22,1.0,0.0,cash_field,0,10652.41,0.00726,-0.31912,3639.66,0.01507,-0.23636
2022-10-14,,Market in correction 09/16/22,1.0,0.0,cash_field,0,10321.39,-0.03107,-0.34027,3584.01,-0.01529,-0.24803
2022-10-21,,Confirmed uptrend 10/21,1.0,0.0,cash_field,0,10859.72,0.05216,-0.30587,3752.75,0.04708,-0.21263
2022-10-28,,Confirmed uptrend 10/21,1.0,0.0,cash_field,0,11102.45,0.02235,-0.29035,3901.06,0.03952,-0.18151
2022-11-04,,Uptrend under pressure 11/02,1.0,0.0,cash_field,0,10475.25,-0.05649,-0.33044,3770.55,-0.03346,-0.20889
2022-11-11,,Uptrend resumes 11/10,1.0,0.0,cash_field,0,11323.33,0.08096,-0.27623,3992.93,0.05898,-0.16224
2022-11-18,,Uptrend resumes 11/10,1.0,0.0,cash_field,0,11146.06,-0.01566,-0.28756,3965.34,-0.00691,-0.16803
2022-11-25,,Uptrend resumes 11/10,1.0,0.0,cash_field,0,11226.36,0.0072,-0.28243,4026.2,0.01535,-0.15526
2022-12-02,,Uptrend resumes 11/10,1.0,0.0,cash_field,0,11461.5,0.02095,-0.2674,4071.7,0.01132,-0.14571
2022-12-09,,Uptrend resumes 11/10,1.0,0.0,cash_field,0,11004.62,-0.03986,-0.2966,3934.38,-0.03373,-0.17452
2022-12-16,,Uptrend under Pressure 12/15,1.0,0.0,cash_field,0,10705.41,-0.02719,-0.31573,3852.36,-0.02085,-0.19173
2022-12-23,,Uptrend under Pressure 12/15,1.0,0.0,cash_field,0,10497.86,-0.01939,-0.32899,3844.82,-0.00196,-0.19331
2022-12-30,,Market in correction 12/27,1.0,0.0,cash_field,0,10466.48,-0.00299,-0.331,3839.5,-0.00138,-0.19443
2023-12-29,,Confirmed Uptrend 11/01,0.1676,0.8324,cash_field,7,15011.35,0.00123,0.43423,4769.83,0.0032,0.2423
2024-01-05,60-80%,,0.1717,0.8283,cash_field,7,14524.07,-0.03246,-0.03246,4697.24,-0.01522,-0.01522
2024-01-12,80-100%,,0.1836,0.8164,cash_field,7,14972.76,0.03089,-0.00257,4783.83,0.01843,0.00294
2024-01-19,80-100%,,0.2492,0.7508,cash_field,6,15310.97,0.02259,0.01996,4839.81,0.0117,0.01467
2024-01-26,60-80%,,0.091,0.909,cash_field,7,15455.36,0.00943,0.02958,4890.97,0.01056,0.0254
2024-02-02,80-100%,,0.1234,0.8766,cash_field,7,15628.95,0.01123,0.04114,4958.61,0.01383,0.03958
2024-02-09,80-100%,,0.0714,0.9286,cash_field,9,15990.66,0.02314,0.06524,5026.61,0.01371,0.05383
2024-02-16,60-80%,,0.0445,0.9555,cash_field,9,15775.65,-0.01345,0.05091,5005.57,-0.00419,0.04942
2024-02-23,60-80%,,0.1061,0.8939,cash_field,9,15996.82,0.01402,0.06565,5088.8,0.01663,0.06687
2024-03-01,60-80%,,0.0505,0.9495,cash_field,9,16274.94,0.01739,0.08418,5137.08,0.00949,0.07699
2024-03-08,60-80%,,0.1516,0.8484,cash_field,8,16085.11,-0.01166,0.07153,5123.69,-0.00261,0.07419
2024-03-15,60-80%,,0.253,0.747,cash_field,7,15973.17,-0.00696,0.06407,5117.09,-0.00129,0.0728
2024-03-22,60-80%,,0.228,0.772,cash_field,7,16428.82,0.02853,0.09443,5234.18,0.02288,0.09735
2024-03-29,60-80%,,0.0987,0.9013,cash_field,9,16379.46,-0.003,0.09114,5241.53,0.0014,0.09889
2024-04-05,40-60%,,0.1007,0.8993,cash_field,9,16248.52,-0.00799,0.08242,5204.34,-0.0071,0.0911
2024-04-12,40-60%,,0.1656,0.8344,cash_field,9,16175.09,-0.00452,0.07752,5123.41,-0.01555,0.07413
2024-04-19,0-20%,,0.5554,0.4446,cash_field,5,15282.01,-0.05521,0.01803,4967.23,-0.03048,0.04139
2024-04-26,0-20%,,0.5554,0.4446,cash_field,5,15927.9,0.04226,0.06106,5099.96,0.02672,0.06921
2024-05-03,20-40%,,0.5421,0.4579,cash_field,5,16156.33,0.01434,0.07627,5127.79,0.00546,0.07505
2024-05-10,40-60%,,0.5205,0.4795,cash_field,6,16340.87,0.01142,0.08857,5222.68,0.01851,0.09494
2024-05-17,80-100%,,0.2579,0.7421,cash_field,9,16685.97,0.02112,0.11156,5303.27,0.01543,0.11184
2024-05-24,60-80%,,0.1904,0.8096,cash_field,9,16920.79,0.01407,0.1272,5304.72,0.00027,0.11214
2024-05-31,60-80%,,0.1837,0.8163,cash_field,9,16735.02,-0.01098,0.11482,5277.51,-0.00513,0.10644
2024-06-07,80-100%,,0.1797,0.8203,cash_field,9,17133.13,0.02379,0.14135,5346.99,0.01317,0.121
2024-06-14,80-100%,,0.2514,0.7486,cash_field,8,17688.88,0.03244,0.17837,5431.6,0.01582,0.13874
2024-06-21,80-100%,,0.0991,0.9009,cash_field,10,17689.36,3e-05,0.1784,5464.62,0.00608,0.14566
2024-06-28,80-100%,,0.1002,0.8998,cash_field,10,17732.6,0.00244,0.18128,5460.48,-0.00076,0.1448
2024-07-05,80-100%,,0.1044,0.8956,cash_field,10,18352.76,0.03497,0.22259,5567.19,0.01954,0.16717
2024-07-12,80-100%,,0.1768,0.8232,cash_field,9,18398.45,0.00249,0.22564,5615.35,0.00865,0.17726
2024-07-19,60-80%,,0.2986,0.7014,cash_field,8,17726.94,-0.0365,0.1809,5505,-0.01965,0.15413
2024-07-26,40-60%,,0.203,0.797,cash_field,9,17357.88,-0.02082,0.15632,5459.1,-0.00834,0.14451
2024-08-02,20-40%,,0.56,0.44,cash_field,5,16776.16,-0.03351,0.11757,5346.56,-0.02062,0.12091
2024-08-09,0-20%,,0.6597,0.3403,cash_field,4,16745.3,-0.00184,0.11551,5344.16,-0.00045,0.12041
2024-08-16,60-80%,,0.6451,0.3549,cash_field,4,17631.72,0.05294,0.17456,5554.25,0.03931,0.16445
2024-08-23,80-100%,,0.3815,0.6185,cash_field,7,17877.79,0.01396,0.19095,5634.61,0.01447,0.1813
2024-08-30,80-100%,,0.2834,0.7166,cash_field,8,17713.63,-0.00918,0.18002,5648.4,0.00245,0.18419
2024-09-06,20-40%,,0.2991,0.7009,cash_field,8,16690.83,-0.05774,0.11188,5408.42,-0.04249,0.13388
2024-09-13,60-80%,,0.3747,0.6253,cash_field,7,17683.98,0.0595,0.17804,5626.02,0.04023,0.1795
2024-09-20,80-100%,,0.2151,0.7849,cash_field,9,17948.32,0.01495,0.19565,5702.55,0.0136,0.19555
2024-09-27,80-100%,,0.2151,0.7849,cash_field,9,18119.59,0.00954,0.20706,5738.17,0.00625,0.20301
2024-10-04,80-100%,,0.2178,0.7822,cash_field,9,18137.85,0.00101,0.20828,5751.07,0.00225,0.20572
2024-10-11,80-100%,,0.217,0.783,cash_field,9,18342.94,0.01131,0.22194,5815.03,0.01112,0.21913
2024-10-18,80-100%,,0.1128,0.8872,cash_field,10,18489.55,0.00799,0.2317,5864.67,0.00854,0.22953
2024-10-25,80-100%,,0.1264,0.8736,cash_field,10,18518.61,0.00157,0.23364,5808.12,-0.00964,0.21768
2024-11-01,60-80%,,0.1222,0.8778,cash_field,10,18239.92,-0.01505,0.21508,5728.8,-0.01366,0.20105
2024-11-08,80-100%,,0.0848,0.9152,cash_field,10,19286.78,0.05739,0.28481,5995.54,0.04656,0.25697
2024-11-15,80-100%,,0.1749,0.8251,cash_field,9,18680.12,-0.03145,0.2444,5870.62,-0.02084,0.23078
2024-11-22,80-100%,,0.1883,0.8117,cash_field,9,19003.65,0.01732,0.26595,5969.34,0.01682,0.25148
2024-11-29,80-100%,,0.1913,0.8087,cash_field,9,19218.17,0.01129,0.28024,6032.38,0.01056,0.26469
2024-12-06,80-100%,,0.2004,0.7996,cash_field,9,19859.77,0.03339,0.32298,6090.27,0.0096,0.27683
2024-12-13,80-100%,,0.2724,0.7276,cash_field,8,19926.72,0.00337,0.32744,6051.09,-0.00643,0.26862
2024-12-20,60-80%,,0.4894,0.5106,cash_field,6,19572.6,-0.01777,0.30385,5930.85,-0.01987,0.24341
2024-12-27,80-100%,,0.4458,0.5542,cash_field,7,19722.03,0.00763,0.31381,5970.84,0.00674,0.25179
2025-01-03,60-80%,,0.492,0.508,cash_field,6,19621.68,-0.00509,0.0161,5942.47,0.01034,-0.01615
2025-01-10,20-40%,,0.4253,0.5747,cash_field,7,19161.63,-0.02345,-0.00772,5827.04,-0.01942,-0.03526
2025-01-17,60-80%,,0.2688,0.7312,cash_field,9,19630.2,0.02445,0.01654,5996.66,0.02911,-0.00718
2025-01-24,80-100%,,0.1656,0.8344,cash_field,9,19954.3,0.01651,0.03332,6101.24,0.01744,0.01013
2025-01-31,60-80%,,0.3602,0.6398,cash_field,7,19627.44,-0.01638,0.0164,6040.53,-0.00995,8e-05
2025-02-07,60-80%,,0.3585,0.6415,cash_field,8,19523.4,-0.0053,0.01101,6025.99,-0.00241,-0.00233
2025-02-14,80-100%,,0.2788,0.7212,cash_field,9,20026.77,0.02578,0.03708,6114.63,0.01471,0.01235
2025-02-21,40-60%,,0.5234,0.4766,cash_field,6,19524.01,-0.0251,0.01104,6013.13,-0.0166,-0.00446
2025-02-28,20-40%,,0.8661,0.1339,cash_field,2,18847.28,-0.03466,-0.024,5954.5,-0.00975,-0.01416
2025-03-07,0-20%,,0.8764,0.1236,cash_field,2,18196.22,-0.03454,-0.05772,5770.2,-0.03095,-0.04468
2025-03-14,0-20%,,0.9431,0.0569,cash_field,1,17754.09,-0.0243,-0.08061,5638.94,-0.02275,-0.06641
2025-03-21,0-20%,,0.9417,0.0583,cash_field,1,17784.05,0.00169,-0.07906,5667.56,0.00508,-0.06167
2025-03-28,0-20%,,0.9397,0.0603,cash_field,1,17322.99,-0.02593,-0.10294,5580.94,-0.01528,-0.07601
2025-04-04,0-20%,,0.9465,0.0535,cash_field,1,15587.79,-0.10017,-0.19279,5074.08,-0.09082,-0.15993
2025-04-11,0-20%,,0.9475,0.0525,cash_field,1,16724.46,0.07292,-0.13393,5363.36,0.05701,-0.11203
2025-04-18,0-20%,,0.8079,0.1921,cash_field,4,16286.45,-0.02619,-0.15661,5282.7,-0.01504,-0.12539
2025-04-25,40-60%,,0.8088,0.1912,cash_field,3,17381.94,0.06726,-0.09988,5525.21,0.04591,-0.08524
2025-05-02,40-60%,,0.7683,0.2317,cash_field,4,17977.73,0.03428,-0.06903,5686.67,0.02922,-0.0585
2025-05-09,40-60%,,0.666,0.334,cash_field,6,17928.92,-0.00272,-0.07156,5659.91,-0.00471,-0.06294
2025-05-16,80-100%,,0.4354,0.5646,cash_field,7,19211.1,0.07151,-0.00516,5958.38,0.05273,-0.01352
2025-05-23,80-100%,,0.237,0.763,cash_field,9,18737.21,-0.02467,-0.0297,5802.82,-0.02611,-0.03927
2025-05-30,80-100%,,0.2325,0.7675,cash_field,9,19113.77,0.0201,-0.0102,5911.69,0.01876,-0.02125
2025-06-06,80-100%,,0.1886,0.8114,cash_field,9,19529.95,0.02177,0.01135,6000.36,0.015,-0.00657
2025-06-13,80-100%,,0.1821,0.8179,cash_field,9,19406.83,-0.0063,0.00497,5976.97,-0.0039,-0.01044
2025-06-20,80-100%,,0.2448,0.7552,cash_field,8,19447.41,0.00209,0.00707,5967.84,-0.00153,-0.01195
2025-06-27,80-100%,,0.1944,0.8056,cash_field,8,20273.46,0.04248,0.04985,6173.07,0.03439,0.02202
2025-07-04,80-100%,,0.2605,0.7395,cash_field,8,20601.1,0.01616,0.06682,6279.35,0.01722,0.03962
2025-07-11,80-100%,,0.2601,0.7399,cash_field,8,20585.53,-0.00076,0.06601,6259.75,-0.00312,0.03638
2025-07-18,80-100%,,0.1393,0.8607,cash_field,9,20895.66,0.01507,0.08207,6296.79,0.00592,0.04251
2025-07-25,80-100%,,0.1264,0.8736,cash_field,9,21108.32,0.01018,0.09308,6388.64,0.01459,0.05771
2025-08-01,60-80%,,0.2373,0.7627,cash_field,7,20650.13,-0.02171,0.06936,6238.01,-0.02358,0.03278
2025-08-08,80-100%,,0.2443,0.7557,cash_field,7,21450.02,0.03874,0.11078,6389.45,0.02428,0.05785
2025-08-15,80-100%,,0.5474,0.4526,cash_field,4,21622.98,0.00806,0.11974,6449.8,0.00945,0.06784
2025-08-22,80-100%,,0.5523,0.4477,cash_field,4,21496.54,-0.00585,0.11319,6466.91,0.00265,0.07067
2025-08-29,80-100%,,0.155,0.845,cash_field,8,21455.55,-0.00191,0.11107,6460.26,-0.00103,0.06957
2025-09-05,80-100%,,0.2302,0.7698,cash_field,7,21700.39,0.01141,0.12374,6481.5,0.00329,0.07309
2025-09-12,80-100%,,0.0568,0.9432,cash_field,8,22141.1,0.02031,0.14657,6584.29,0.01586,0.09011
2025-09-19,80-100%,,0.0518,0.9482,cash_field,8,22631.48,0.02215,0.17196,6664.36,0.01216,0.10336
2025-09-26,80-100%,,0.0551,0.9449,cash_field,8,22484.07,-0.00651,0.16433,6604.72,-0.00895,0.09349
2025-10-03,80-100%,,0.0525,0.9475,cash_field,8,22780.51,0.01318,0.17968,6715.79,0.01682,0.11188
2025-10-10,60-80%,,0.0544,0.9456,cash_field,8,22204.43,-0.02529,0.14985,6552.51,-0.02431,0.08485
2025-10-17,60-80%,,0.1868,0.8132,cash_field,7,22679.97,0.02142,0.17447,6664.01,0.01702,0.10331
2025-10-24,60-80%,,0.419,0.581,cash_field,5,23204.87,0.02314,0.20165,6791.69,0.01916,0.12444
2025-10-31,80-100%,,0.3282,0.6718,cash_field,6,23724.96,0.02241,0.22859,6840.2,0.02644,0.13248
2025-11-07,60-80%,,0.6679,0.3321,cash_field,3,23004.54,-0.03037,0.19128,6728.8,-0.01629,0.11403
2025-11-14,40-60%,,0.6199,0.3801,cash_field,3,22900.59,-0.00452,0.1859,6734.11,0.00079,0.11491
2025-11-21,0-20%,,0.8713,0.1287,cash_field,1,22273.08,-0.0274,0.1534,6602.99,-0.01947,0.0932
2025-11-28,40-60%,,0.8683,0.1317,cash_field,1,23365.69,0.04906,0.20998,6849.09,0.03727,0.13395
2025-12-05,60-80%,,0.7668,0.2332,cash_field,2,23578.13,0.00909,0.22098,6870.4,0.00311,0.13748
2025-12-12,80-100%,,0.6318,0.3682,cash_field,3,23195.17,-0.01624,0.20115,6827.41,-0.00626,0.13036
2025-12-19,60-80%,,0.4302,0.5698,cash_field,5,23307.62,0.00485,0.20697,6834.5,0.00104,0.13153
2025-12-26,60-80%,,0.4331,0.5669,cash_field,5,23593.1,0.01225,0.22176,6929.94,0.01396,0.14733
2026-01-02,60-80%,,0.363,0.637,cash_field,6,23235.63,-0.01515,-0.00027,6858.47,-0.01031,0.00189
2026-01-09,80-100%,,0.1962,0.8038,cash_field,8,23671.35,0.01875,0.01847,6966.28,0.01572,0.01764
2026-01-16,80-100%,,0.2714,0.7286,cash_field,7,23515.39,-0.00659,0.01176,6940.01,-0.00377,0.01381
2026-01-23,60-80%,,0.1976,0.8024,cash_field,8,23501.24,-0.0006,0.01115,6915.61,-0.00352,0.01024
2026-01-30,60-80%,,0.2612,0.7388,cash_field,7,23461.82,-0.00168,0.00946,6939.03,0.00339,0.01366
2026-02-06,40-60%,,0.6391,0.3609,cash_field,3,23031.21,-0.01835,-0.00907,6932.27,-0.00097,0.01268
2026-02-13,40-60%,,0.5146,0.4854,cash_field,5,22546.67,-0.02104,-0.02992,6836.17,-0.01386,-0.00136
2026-02-20,40-60%,,0.4186,0.5814,cash_field,6,22886.07,0.01505,-0.01531,6909.51,0.01073,0.00935
2026-02-27,60-80%,,0.4065,0.5935,cash_field,6,22668.21,-0.00952,-0.02469,6878.88,-0.00443,0.00488
2026-03-06,20-40%,,0.5835,0.4165,cash_field,4,22387.68,-0.01238,-0.03676,6740.02,-0.02019,-0.01541
2026-03-20,0-20%,,0.6048,0.3952,cash_field,3,21647.61,-0.02071,-0.0686,6506.48,-0.01895,-0.04952
2026-03-27,0-20%,,0.6106,0.3894,cash_field,3,20948.36,-0.0323,-0.09868,6368.85,-0.02115,-0.06963
2026-04-03,0-20%,,0.7221,0.2779,cash_field,2,21879.18,0.04443,-0.05864,6582.69,0.03358,-0.03839
2026-04-10,40-60%,,0.4884,0.5116,cash_field,5,22902.89,0.04679,-0.01459,6816.89,0.03558,-0.00418
2026-04-17,80-100%,,0.1777,0.8223,cash_field,7,24468.48,0.06836,0.05277,7126.06,0.04535,0.04098
2026-04-24,80-100%,,0.2224,0.7776,cash_field,7,24836.6,0.01504,0.06861,7165.08,0.00548,0.04668
2026-05-01,80-100%,,0.4048,0.5952,cash_field,5,25114.44,0.01119,0.08056,7230.12,0.00908,0.05619
2026-05-08,80-100%,,0.2192,0.7808,cash_field,7,26247.08,0.0451,0.1293,7398.93,0.02335,0.08085
2026-05-15,80-100%,,0.2515,0.7485,cash_field,6,26225.14,-0.00084,0.12835,7408.5,0.00129,0.08224
2026-05-22,80-100%,,0.2515,0.7485,cash_field,6,26343.97,0.00453,0.13346,7473.57,0.00878,0.09175
2026-05-29,80-100%,,0.4473,0.5527,cash_field,4,26972.62,0.02386,0.16051,7580.06,0.01425,0.10731
2026-06-05,60-80%,,0.3928,0.6072,cash_field,5,25709.43,-0.04683,0.10616,7383.74,-0.0259,0.07863
2026-06-12,60-80%,,0.2888,0.7112,cash_field,6,25888.84,0.00698,0.11388,7431.46,0.00646,0.0856
2026-06-19,80-100%,,0.0574,0.9426,cash_field,8,26517.93,0.0243,0.14095,7394.3,-0.005,0.08017
2026-06-26,60-80%,,0.2104,0.7896,cash_field,6,25297.62,-0.04602,0.08844,7354.02,-0.00545,0.07429
