section,cell,book,iv,tenor_td,strike_off,delta_trig,budget,total_ret,max_dd,win_rate,final_equity,total_pl,n_converted,n_worthless
headline,stock,STOCK_E3,,,,,,0.3429,-0.1694,0.3288,872881,222881,,
grid,2mo/OTM5/d90/14%/IV40,OPTION,0.4,42,0.05,0.9,0.14,2.2041,-0.2814,0.4,2082672,1432672,48,27
grid,2mo/OTM5/d85/14%/IV40,OPTION,0.4,42,0.05,0.85,0.14,2.2018,-0.2814,0.4,2081201,1431201,48,27
grid,2mo/OTM5/d80/14%/IV40,OPTION,0.4,42,0.05,0.8,0.14,1.8971,-0.3219,0.3867,1883135,1233135,49,26
grid,4mo/OTM5/d90/14%/IV40,OPTION,0.4,84,0.05,0.9,0.14,1.5755,-0.1046,0.4667,1674050,1024050,50,25
grid,3mo/OTM5/d90/14%/IV40,OPTION,0.4,63,0.05,0.9,0.14,1.5487,-0.2659,0.44,1656645,1006645,48,27
grid,3mo/OTM5/d85/14%/IV40,OPTION,0.4,63,0.05,0.85,0.14,1.5122,-0.2659,0.44,1632957,982957,49,26
grid,3mo/OTM5/d80/14%/IV40,OPTION,0.4,63,0.05,0.8,0.14,1.4922,-0.2677,0.44,1619945,969945,50,25
grid,2mo/ATM/d90/14%/IV40,OPTION,0.4,42,0.0,0.9,0.14,1.3753,-0.2407,0.44,1543959,893959,52,23
grid,4mo/OTM5/d85/14%/IV40,OPTION,0.4,84,0.05,0.85,0.14,1.3534,-0.2514,0.4533,1529680,879680,52,23
grid,4mo/OTM5/d80/14%/IV40,OPTION,0.4,84,0.05,0.8,0.14,1.2897,-0.2729,0.44,1488302,838302,53,22
grid,2mo/ATM/d85/14%/IV40,OPTION,0.4,42,0.0,0.85,0.14,1.2186,-0.2461,0.4267,1442117,792117,53,22
grid,2mo/OTM5/d90/14%/IV60,OPTION,0.6,42,0.05,0.9,0.14,1.2092,-0.1131,0.3867,1435957,785957,44,31
grid,2mo/ATM/d80/14%/IV40,OPTION,0.4,42,0.0,0.8,0.14,1.2085,-0.2476,0.4267,1435544,785544,54,21
grid,6mo/OTM5/d85/14%/IV40,OPTION,0.4,126,0.05,0.85,0.14,1.1956,-0.0477,0.52,1427170,777170,54,21
grid,6mo/OTM5/d90/14%/IV40,OPTION,0.4,126,0.05,0.9,0.14,1.1739,-0.0548,0.5067,1413044,763044,52,23
grid,3mo/ATM/d90/14%/IV40,OPTION,0.4,63,0.0,0.9,0.14,1.1609,-0.2276,0.4667,1404564,754564,54,21
grid,6mo/ATM/d90/14%/IV40,OPTION,0.4,126,0.0,0.9,0.14,1.1161,-0.0447,0.5467,1375484,725484,56,19
grid,2mo/OTM5/d90/7%/IV40,OPTION,0.4,42,0.05,0.9,0.07,1.0599,-0.1835,0.4,1338963,688963,48,27
grid,2mo/OTM5/d85/7%/IV40,OPTION,0.4,42,0.05,0.85,0.07,1.0589,-0.1835,0.4,1338310,688310,48,27
grid,4mo/ATM/d90/14%/IV40,OPTION,0.4,84,0.0,0.9,0.14,1.0465,-0.2162,0.48,1330219,680219,54,21
grid,4mo/ATM/d85/14%/IV40,OPTION,0.4,84,0.0,0.85,0.14,1.0306,-0.2162,0.48,1319868,669868,55,20
grid,6mo/OTM5/d80/14%/IV40,OPTION,0.4,126,0.05,0.8,0.14,1.0211,-0.1807,0.4933,1313740,663740,56,19
grid,6mo/ATM/d85/14%/IV40,OPTION,0.4,126,0.0,0.85,0.14,0.9944,-0.1394,0.5333,1296374,646374,59,16
grid,2mo/OTM5/d85/14%/IV60,OPTION,0.6,42,0.05,0.85,0.14,0.9904,-0.2501,0.3867,1293779,643779,47,28
grid,2mo/OTM5/d80/14%/IV60,OPTION,0.6,42,0.05,0.8,0.14,0.9799,-0.2501,0.3867,1286931,636931,48,27
grid,3mo/ATM/d85/14%/IV40,OPTION,0.4,63,0.0,0.85,0.14,0.9691,-0.2599,0.44,1279912,629912,57,18
grid,4mo/ITM5/d90/14%/IV40,OPTION,0.4,84,-0.05,0.9,0.14,0.9514,-0.1655,0.5067,1268430,618430,56,19
grid,3mo/ATM/d80/14%/IV40,OPTION,0.4,63,0.0,0.8,0.14,0.9383,-0.2566,0.44,1259888,609888,59,16
grid,2mo/ITM5/d85/14%/IV40,OPTION,0.4,42,-0.05,0.85,0.14,0.9159,-0.1915,0.48,1245336,595336,58,17
grid,2mo/ITM5/d90/14%/IV40,OPTION,0.4,42,-0.05,0.9,0.14,0.9159,-0.1915,0.48,1245336,595336,58,17
grid,2mo/OTM5/d80/7%/IV40,OPTION,0.4,42,0.05,0.8,0.07,0.911,-0.2107,0.3867,1242125,592125,49,26
grid,6mo/ATM/d80/14%/IV40,OPTION,0.4,126,0.0,0.8,0.14,0.832,-0.1639,0.48,1190780,540780,60,15
grid,3mo/ITM5/d90/14%/IV40,OPTION,0.4,63,-0.05,0.9,0.14,0.8192,-0.1909,0.4933,1182473,532473,59,16
grid,6mo/ITM5/d90/14%/IV40,OPTION,0.4,126,-0.05,0.9,0.14,0.8072,-0.1256,0.5467,1174693,524693,61,14
grid,9mo/OTM5/d90/14%/IV40,OPTION,0.4,189,0.05,0.9,0.14,0.7995,-0.0376,0.56,1169674,519674,51,24
grid,2mo/ATM/d85/14%/IV60,OPTION,0.6,42,0.0,0.85,0.14,0.7915,-0.2054,0.4133,1164482,514482,51,24
grid,2mo/ATM/d90/14%/IV60,OPTION,0.6,42,0.0,0.9,0.14,0.7915,-0.2054,0.4133,1164482,514482,51,24
grid,3mo/OTM5/d90/14%/IV60,OPTION,0.6,63,0.05,0.9,0.14,0.7851,-0.1154,0.4133,1160337,510337,45,30
grid,3mo/OTM5/d85/14%/IV60,OPTION,0.6,63,0.05,0.85,0.14,0.7722,-0.1191,0.4133,1151948,501948,46,29
grid,4mo/OTM5/d90/14%/IV60,OPTION,0.6,84,0.05,0.9,0.14,0.7448,-0.1173,0.4533,1134143,484143,49,26
grid,2mo/ITM5/d80/14%/IV40,OPTION,0.4,42,-0.05,0.8,0.14,0.7428,-0.1979,0.4667,1132837,482837,62,13
grid,4mo/ATM/d80/14%/IV40,OPTION,0.4,84,0.0,0.8,0.14,0.7396,-0.2444,0.4267,1130741,480741,56,19
grid,4mo/OTM5/d90/7%/IV40,OPTION,0.4,84,0.05,0.9,0.07,0.7352,-0.0649,0.4667,1127904,477904,50,25
grid,9mo/ATM/d90/14%/IV40,OPTION,0.4,189,0.0,0.9,0.14,0.7348,-0.0403,0.56,1127652,477652,52,23
grid,3mo/ITM5/d85/14%/IV40,OPTION,0.4,63,-0.05,0.85,0.14,0.7283,-0.1928,0.4667,1123399,473399,61,14
grid,6mo/ITM5/d85/14%/IV40,OPTION,0.4,126,-0.05,0.85,0.14,0.7281,-0.1439,0.52,1123247,473247,62,13
grid,9mo/OTM5/d85/14%/IV40,OPTION,0.4,189,0.05,0.85,0.14,0.7252,-0.0378,0.5067,1121380,471380,51,24
grid,2mo/ITM5/d90/14%/IV60,OPTION,0.6,42,-0.05,0.9,0.14,0.7224,-0.166,0.44,1119566,469566,55,20
grid,3mo/ATM/d90/14%/IV60,OPTION,0.6,63,0.0,0.9,0.14,0.7214,-0.1163,0.4133,1118884,468884,51,24
grid,3mo/ITM5/d80/14%/IV40,OPTION,0.4,63,-0.05,0.8,0.14,0.7141,-0.2001,0.4533,1114137,464137,64,11
grid,3mo/OTM5/d90/7%/IV40,OPTION,0.4,63,0.05,0.9,0.07,0.7062,-0.1638,0.44,1109025,459025,48,27
grid,9mo/ATM/d85/14%/IV40,OPTION,0.4,189,0.0,0.85,0.14,0.7045,-0.0441,0.52,1107941,457941,56,19
grid,4mo/OTM5/d85/14%/IV60,OPTION,0.6,84,0.05,0.85,0.14,0.703,-0.1173,0.44,1106938,456938,49,26
grid,4mo/ITM5/d85/14%/IV40,OPTION,0.4,84,-0.05,0.85,0.14,0.693,-0.1838,0.4533,1100445,450445,59,16
grid,3mo/OTM5/d85/7%/IV40,OPTION,0.4,63,0.05,0.85,0.07,0.689,-0.1638,0.44,1097877,447877,49,26
grid,3mo/OTM5/d80/7%/IV40,OPTION,0.4,63,0.05,0.8,0.07,0.6803,-0.1649,0.44,1092215,442215,50,25
grid,2mo/ATM/d80/14%/IV60,OPTION,0.6,42,0.0,0.8,0.14,0.6751,-0.2314,0.4,1088834,438834,52,23
grid,9mo/ITM5/d90/14%/IV40,OPTION,0.4,189,-0.05,0.9,0.14,0.665,-0.0405,0.52,1082239,432239,55,20
grid,2mo/ATM/d90/7%/IV40,OPTION,0.4,42,0.0,0.9,0.07,0.6449,-0.1398,0.44,1069157,419157,52,23
grid,3mo/ATM/d80/14%/IV60,OPTION,0.6,63,0.0,0.8,0.14,0.6357,-0.2056,0.4133,1063198,413198,55,20
grid,4mo/OTM5/d85/7%/IV40,OPTION,0.4,84,0.05,0.85,0.07,0.626,-0.1566,0.4533,1056908,406908,52,23
grid,6mo/OTM5/d90/14%/IV60,OPTION,0.6,126,0.05,0.9,0.14,0.6174,-0.0798,0.5333,1051298,401298,51,24
grid,4mo/ITM5/d80/14%/IV40,OPTION,0.4,84,-0.05,0.8,0.14,0.6168,-0.1847,0.4267,1050924,400924,62,13
grid,9mo/OTM5/d80/14%/IV40,OPTION,0.4,189,0.05,0.8,0.14,0.6146,-0.1493,0.5067,1049469,399469,57,18
grid,2mo/OTM5/d90/14%/IV80,OPTION,0.8,42,0.05,0.9,0.14,0.6086,-0.1323,0.36,1045569,395569,44,31
grid,6mo/OTM5/d85/7%/IV40,OPTION,0.4,126,0.05,0.85,0.07,0.6078,-0.0249,0.52,1045086,395086,54,21
grid,9mo/ITM5/d85/14%/IV40,OPTION,0.4,189,-0.05,0.85,0.14,0.6077,-0.1112,0.52,1045021,395021,60,15
grid,3mo/ATM/d85/14%/IV60,OPTION,0.6,63,0.0,0.85,0.14,0.6074,-0.2013,0.4133,1044796,394796,53,22
grid,2mo/OTM5/d85/14%/IV80,OPTION,0.8,42,0.05,0.85,0.14,0.6021,-0.1323,0.36,1041382,391382,44,31
grid,6mo/OTM5/d90/7%/IV40,OPTION,0.4,126,0.05,0.9,0.07,0.5993,-0.0269,0.5067,1039547,389547,52,23
grid,3mo/OTM5/d80/14%/IV60,OPTION,0.6,63,0.05,0.8,0.14,0.5952,-0.2517,0.4,1036866,386866,48,27
grid,4mo/OTM5/d80/7%/IV40,OPTION,0.4,84,0.05,0.8,0.07,0.5942,-0.1696,0.44,1036219,386219,53,22
grid,9mo/ATM/d80/14%/IV40,OPTION,0.4,189,0.0,0.8,0.14,0.5873,-0.1371,0.4933,1031758,381758,60,15
grid,4mo/ATM/d90/14%/IV60,OPTION,0.6,84,0.0,0.9,0.14,0.5864,-0.1079,0.4533,1031140,381140,51,24
grid,3mo/ATM/d90/7%/IV40,OPTION,0.4,63,0.0,0.9,0.07,0.5838,-0.1299,0.4667,1029447,379447,54,21
grid,6mo/ATM/d90/7%/IV40,OPTION,0.4,126,0.0,0.9,0.07,0.5837,-0.0254,0.5467,1029414,379414,56,19
grid,4mo/ATM/d85/14%/IV60,OPTION,0.6,84,0.0,0.85,0.14,0.5825,-0.1138,0.44,1028644,378644,52,23
grid,2mo/OTM5/d90/7%/IV60,OPTION,0.6,42,0.05,0.9,0.07,0.5781,-0.0663,0.3867,1025758,375758,44,31
grid,4mo/OTM5/d80/14%/IV60,OPTION,0.6,84,0.05,0.8,0.14,0.5768,-0.217,0.4267,1024913,374913,52,23
grid,6mo/ITM5/d80/14%/IV40,OPTION,0.4,126,-0.05,0.8,0.14,0.5686,-0.1674,0.4667,1019596,369596,63,12
grid,2mo/ATM/d85/7%/IV40,OPTION,0.4,42,0.0,0.85,0.07,0.5666,-0.1433,0.4267,1018285,368285,53,22
grid,2mo/ATM/d80/7%/IV40,OPTION,0.4,42,0.0,0.8,0.07,0.5615,-0.1438,0.4267,1014999,364999,54,21
grid,3mo/ITM5/d90/14%/IV60,OPTION,0.6,63,-0.05,0.9,0.14,0.557,-0.1819,0.4667,1012018,362018,56,19
grid,2mo/ITM5/d85/14%/IV60,OPTION,0.6,42,-0.05,0.85,0.14,0.5547,-0.1854,0.4133,1010550,360550,56,19
grid,4mo/ATM/d90/7%/IV40,OPTION,0.4,84,0.0,0.9,0.07,0.5512,-0.1142,0.48,1008306,358306,54,21
grid,4mo/ITM5/d90/14%/IV60,OPTION,0.6,84,-0.05,0.9,0.14,0.5511,-0.1106,0.48,1008184,358184,53,22
grid,4mo/ATM/d85/7%/IV40,OPTION,0.4,84,0.0,0.85,0.07,0.5433,-0.1142,0.48,1003130,353130,55,20
grid,2mo/ITM5/d80/14%/IV60,OPTION,0.6,42,-0.05,0.8,0.14,0.5428,-0.1888,0.4133,1002812,352812,58,17
grid,6mo/ATM/d90/14%/IV60,OPTION,0.6,126,0.0,0.9,0.14,0.5307,-0.0766,0.52,994979,344979,54,21
grid,6mo/OTM5/d80/7%/IV40,OPTION,0.4,126,0.05,0.8,0.07,0.5262,-0.0931,0.4933,992021,342021,56,19
grid,6mo/ATM/d85/7%/IV40,OPTION,0.4,126,0.0,0.85,0.07,0.5249,-0.0749,0.5333,991189,341189,59,16
grid,6mo/ATM/d85/14%/IV60,OPTION,0.6,126,0.0,0.85,0.14,0.5172,-0.0633,0.52,986192,336192,55,20
grid,6mo/OTM5/d85/14%/IV60,OPTION,0.6,126,0.05,0.85,0.14,0.5152,-0.0795,0.4933,984897,334897,51,24
grid,4mo/ITM5/d90/7%/IV40,OPTION,0.4,84,-0.05,0.9,0.07,0.5074,-0.0917,0.5067,979783,329783,56,19
grid,6mo/ITM5/d90/14%/IV60,OPTION,0.6,126,-0.05,0.9,0.14,0.506,-0.054,0.5333,978871,328871,59,16
grid,2mo/ATM/d90/14%/IV80,OPTION,0.8,42,0.0,0.9,0.14,0.4942,-0.1169,0.3867,971253,321253,47,28
grid,3mo/ATM/d85/7%/IV40,OPTION,0.4,63,0.0,0.85,0.07,0.4923,-0.1485,0.44,970015,320015,57,18
grid,6mo/ITM5/d85/14%/IV60,OPTION,0.6,126,-0.05,0.85,0.14,0.4877,-0.0565,0.5067,966977,316977,59,16
grid,6mo/OTM5/d80/14%/IV60,OPTION,0.6,126,0.05,0.8,0.14,0.4842,-0.0754,0.48,964716,314716,53,22
grid,3mo/ATM/d80/7%/IV40,OPTION,0.4,63,0.0,0.8,0.07,0.4779,-0.1449,0.44,960608,310608,59,16
grid,2mo/OTM5/d85/7%/IV60,OPTION,0.6,42,0.05,0.85,0.07,0.4765,-0.1452,0.3867,959706,309706,47,28
grid,6mo/ITM5/d90/7%/IV40,OPTION,0.4,126,-0.05,0.9,0.07,0.4761,-0.0706,0.5467,959442,309442,61,14
grid,2mo/OTM5/d80/7%/IV60,OPTION,0.6,42,0.05,0.8,0.07,0.4712,-0.1452,0.3867,956282,306282,48,27
grid,3mo/ITM5/d85/14%/IV60,OPTION,0.6,63,-0.05,0.85,0.14,0.4678,-0.1862,0.44,954052,304052,58,17
grid,9mo/OTM5/d90/7%/IV40,OPTION,0.4,189,0.05,0.9,0.07,0.4628,-0.0275,0.56,950829,300829,51,24
grid,3mo/ITM5/d90/7%/IV40,OPTION,0.4,63,-0.05,0.9,0.07,0.4594,-0.1083,0.4933,948620,298620,59,16
grid,6mo/ATM/d80/7%/IV40,OPTION,0.4,126,0.0,0.8,0.07,0.4563,-0.0874,0.48,946610,296610,60,15
grid,2mo/ITM5/d85/7%/IV40,OPTION,0.4,42,-0.05,0.85,0.07,0.4555,-0.0998,0.48,946057,296057,58,17
grid,2mo/ITM5/d90/7%/IV40,OPTION,0.4,42,-0.05,0.9,0.07,0.4555,-0.0998,0.48,946057,296057,58,17
grid,4mo/ATM/d80/14%/IV60,OPTION,0.6,84,0.0,0.8,0.14,0.4513,-0.2188,0.4267,943366,293366,55,20
grid,6mo/ITM5/d85/7%/IV40,OPTION,0.4,126,-0.05,0.85,0.07,0.4484,-0.0787,0.52,941445,291445,62,13
grid,4mo/ITM5/d85/14%/IV60,OPTION,0.6,84,-0.05,0.85,0.14,0.4453,-0.193,0.4667,939441,289441,56,19
grid,2mo/OTM5/d80/14%/IV80,OPTION,0.8,42,0.05,0.8,0.14,0.4424,-0.2469,0.36,937545,287545,47,28
grid,9mo/ITM5/d90/7%/IV40,OPTION,0.4,189,-0.05,0.9,0.07,0.4353,-0.0327,0.52,932927,282927,55,20
grid,9mo/ATM/d90/7%/IV40,OPTION,0.4,189,0.0,0.9,0.07,0.4297,-0.027,0.56,929290,279290,52,23
grid,9mo/OTM5/d85/7%/IV40,OPTION,0.4,189,0.05,0.85,0.07,0.4209,-0.0283,0.5067,923575,273575,51,24
grid,9mo/ATM/d85/7%/IV40,OPTION,0.4,189,0.0,0.85,0.07,0.4131,-0.0337,0.52,918493,268493,56,19
grid,2mo/ATM/d85/7%/IV60,OPTION,0.6,42,0.0,0.85,0.07,0.4123,-0.1026,0.4133,917995,267995,51,24
grid,2mo/ATM/d90/7%/IV60,OPTION,0.6,42,0.0,0.9,0.07,0.4123,-0.1026,0.4133,917995,267995,51,24
grid,9mo/ITM5/d85/7%/IV40,OPTION,0.4,189,-0.05,0.85,0.07,0.412,-0.0501,0.52,917782,267782,60,15
grid,4mo/ATM/d80/7%/IV40,OPTION,0.4,84,0.0,0.8,0.07,0.4112,-0.1303,0.4267,917253,267253,56,19
grid,6mo/ITM5/d80/14%/IV60,OPTION,0.6,126,-0.05,0.8,0.14,0.4092,-0.1275,0.48,915961,265961,62,13
grid,9mo/ITM5/d80/14%/IV40,OPTION,0.4,189,-0.05,0.8,0.14,0.4084,-0.1507,0.44,915443,265443,62,13
grid,9mo/ITM5/d90/14%/IV60,OPTION,0.6,189,-0.05,0.9,0.14,0.406,-0.0471,0.56,913870,263870,53,22
grid,3mo/OTM5/d90/7%/IV60,OPTION,0.6,63,0.05,0.9,0.07,0.4048,-0.0638,0.4133,913110,263110,45,30
grid,6mo/ATM/d80/14%/IV60,OPTION,0.6,126,0.0,0.8,0.14,0.4042,-0.1549,0.48,912714,262714,59,16
grid,2mo/ITM5/d90/7%/IV60,OPTION,0.6,42,-0.05,0.9,0.07,0.4026,-0.0855,0.44,911674,261674,55,20
grid,4mo/ITM5/d85/7%/IV40,OPTION,0.4,84,-0.05,0.85,0.07,0.4009,-0.102,0.4533,910600,260600,59,16
grid,3mo/ITM5/d90/14%/IV80,OPTION,0.8,63,-0.05,0.9,0.14,0.4004,-0.1153,0.4133,910275,260275,54,21
grid,3mo/OTM5/d85/7%/IV60,OPTION,0.6,63,0.05,0.85,0.07,0.3981,-0.0656,0.4133,908755,258755,46,29
grid,3mo/ITM5/d80/14%/IV60,OPTION,0.6,63,-0.05,0.8,0.14,0.3939,-0.2027,0.4267,906035,256035,60,15
grid,3mo/ATM/d90/7%/IV60,OPTION,0.6,63,0.0,0.9,0.07,0.3884,-0.0656,0.4133,902451,252451,51,24
grid,2mo/ITM5/d85/14%/IV80,OPTION,0.8,42,-0.05,0.85,0.14,0.3879,-0.1842,0.4,902165,252165,55,20
grid,2mo/ITM5/d90/14%/IV80,OPTION,0.8,42,-0.05,0.9,0.14,0.3879,-0.1842,0.4,902165,252165,55,20
grid,4mo/OTM5/d90/7%/IV60,OPTION,0.6,84,0.05,0.9,0.07,0.387,-0.0634,0.4533,901525,251525,49,26
grid,3mo/ITM5/d85/7%/IV40,OPTION,0.4,63,-0.05,0.85,0.07,0.3843,-0.1055,0.4667,899787,249787,61,14
grid,3mo/ITM5/d80/7%/IV40,OPTION,0.4,63,-0.05,0.8,0.07,0.3745,-0.1099,0.4533,893412,243412,64,11
grid,9mo/ATM/d90/14%/IV60,OPTION,0.6,189,0.0,0.9,0.14,0.3741,-0.0571,0.4933,893141,243141,51,24
grid,9mo/OTM5/d80/7%/IV40,OPTION,0.4,189,0.05,0.8,0.07,0.3695,-0.0729,0.5067,890207,240207,57,18
grid,2mo/ITM5/d80/7%/IV40,OPTION,0.4,42,-0.05,0.8,0.07,0.3691,-0.1031,0.4667,889909,239909,62,13
grid,2mo/ATM/d80/14%/IV80,OPTION,0.8,42,0.0,0.8,0.14,0.3667,-0.2123,0.3867,888346,238346,51,24
grid,2mo/ATM/d85/14%/IV80,OPTION,0.8,42,0.0,0.85,0.14,0.3667,-0.2123,0.3867,888346,238346,51,24
grid,2mo/ATM/d80/7%/IV60,OPTION,0.6,42,0.0,0.8,0.07,0.3662,-0.1177,0.4,888037,238037,52,23
grid,4mo/OTM5/d85/7%/IV60,OPTION,0.6,84,0.05,0.85,0.07,0.366,-0.0634,0.44,887922,237922,49,26
grid,4mo/ITM5/d90/7%/IV60,OPTION,0.6,84,-0.05,0.9,0.07,0.3613,-0.0575,0.48,884864,234864,53,22
grid,9mo/ATM/d80/7%/IV40,OPTION,0.4,189,0.0,0.8,0.07,0.3578,-0.0715,0.4933,882582,232582,60,15
grid,6mo/OTM5/d90/7%/IV60,OPTION,0.6,126,0.05,0.9,0.07,0.3526,-0.044,0.5333,879176,229176,51,24
grid,4mo/ATM/d90/7%/IV60,OPTION,0.6,84,0.0,0.9,0.07,0.3514,-0.0588,0.4533,878381,228381,51,24
grid,6mo/ITM5/d80/7%/IV40,OPTION,0.4,126,-0.05,0.8,0.07,0.3512,-0.0854,0.4667,878295,228295,63,12
grid,4mo/ATM/d85/7%/IV60,OPTION,0.6,84,0.0,0.85,0.07,0.3511,-0.061,0.44,878196,228196,52,23
grid,3mo/ATM/d85/14%/IV80,OPTION,0.8,63,0.0,0.85,0.14,0.351,-0.124,0.4,878126,228126,51,24
grid,6mo/ATM/d90/7%/IV60,OPTION,0.6,126,0.0,0.9,0.07,0.3508,-0.0355,0.52,878028,228028,54,21
grid,3mo/ATM/d90/14%/IV80,OPTION,0.8,63,0.0,0.9,0.14,0.3469,-0.1214,0.4,875457,225457,50,25
grid,6mo/ATM/d85/7%/IV60,OPTION,0.6,126,0.0,0.85,0.07,0.344,-0.032,0.52,873592,223592,55,20
grid,3mo/ATM/d80/7%/IV60,OPTION,0.6,63,0.0,0.8,0.07,0.3418,-0.1117,0.4133,872173,222173,55,20
grid,6mo/ITM5/d90/7%/IV60,OPTION,0.6,126,-0.05,0.9,0.07,0.3404,-0.0366,0.5333,871291,221291,59,16
grid,4mo/ATM/d90/14%/IV80,OPTION,0.8,84,0.0,0.9,0.14,0.3401,-0.1279,0.4667,871044,221044,51,24
grid,3mo/ATM/d85/7%/IV60,OPTION,0.6,63,0.0,0.85,0.07,0.3377,-0.1092,0.4133,869523,219523,53,22
grid,3mo/OTM5/d90/14%/IV80,OPTION,0.8,63,0.05,0.9,0.14,0.3366,-0.1321,0.3867,868819,218819,45,30
grid,3mo/ITM5/d90/7%/IV60,OPTION,0.6,63,-0.05,0.9,0.07,0.3356,-0.0978,0.4667,868149,218149,56,19
grid,3mo/OTM5/d85/14%/IV80,OPTION,0.8,63,0.05,0.85,0.14,0.3353,-0.1321,0.3867,867953,217953,45,30
grid,6mo/ITM5/d85/7%/IV60,OPTION,0.6,126,-0.05,0.85,0.07,0.3332,-0.0441,0.5067,866572,216572,59,16
grid,4mo/ITM5/d80/7%/IV40,OPTION,0.4,84,-0.05,0.8,0.07,0.3294,-0.0979,0.4267,864142,214142,62,13
grid,3mo/OTM5/d80/14%/IV80,OPTION,0.8,63,0.05,0.8,0.14,0.3278,-0.1347,0.3867,863081,213081,46,29
grid,3mo/ITM5/d85/14%/IV80,OPTION,0.8,63,-0.05,0.85,0.14,0.3268,-0.1775,0.4133,862395,212395,56,19
grid,9mo/ATM/d85/14%/IV60,OPTION,0.6,189,0.0,0.85,0.14,0.3258,-0.0549,0.4933,861743,211743,52,23
grid,4mo/ITM5/d85/14%/IV80,OPTION,0.8,84,-0.05,0.85,0.14,0.3251,-0.1069,0.44,861283,211283,53,22
grid,2mo/OTM5/d90/7%/IV80,OPTION,0.8,42,0.05,0.9,0.07,0.3248,-0.0715,0.36,861109,211109,44,31
grid,3mo/OTM5/d80/7%/IV60,OPTION,0.6,63,0.05,0.8,0.07,0.3238,-0.1298,0.4,860467,210467,48,27
grid,2mo/OTM5/d85/7%/IV80,OPTION,0.8,42,0.05,0.85,0.07,0.3218,-0.0715,0.36,859155,209155,44,31
grid,4mo/OTM5/d90/14%/IV80,OPTION,0.8,84,0.05,0.9,0.14,0.3173,-0.1328,0.4267,856267,206267,49,26
grid,4mo/ITM5/d90/14%/IV80,OPTION,0.8,84,-0.05,0.9,0.14,0.3161,-0.1069,0.44,855450,205450,53,22
grid,4mo/ITM5/d85/7%/IV60,OPTION,0.6,84,-0.05,0.85,0.07,0.3149,-0.0954,0.4667,854690,204690,56,19
grid,9mo/OTM5/d85/14%/IV60,OPTION,0.6,189,0.05,0.85,0.14,0.3145,-0.0593,0.5067,854440,204440,49,26
grid,9mo/ITM5/d85/14%/IV60,OPTION,0.6,189,-0.05,0.85,0.14,0.3132,-0.0612,0.4933,853570,203570,54,21
grid,2mo/ATM/d90/7%/IV80,OPTION,0.8,42,0.0,0.9,0.07,0.3111,-0.0562,0.3867,852192,202192,47,28
grid,6mo/OTM5/d85/7%/IV60,OPTION,0.6,126,0.05,0.85,0.07,0.3108,-0.0436,0.4933,852049,202049,51,24
grid,4mo/OTM5/d80/7%/IV60,OPTION,0.6,84,0.05,0.8,0.07,0.3071,-0.1148,0.4267,849590,199590,52,23
grid,9mo/OTM5/d90/14%/IV60,OPTION,0.6,189,0.05,0.9,0.14,0.3061,-0.0705,0.4533,848952,198952,49,26
grid,3mo/ITM5/d85/7%/IV60,OPTION,0.6,63,-0.05,0.85,0.07,0.3032,-0.0996,0.44,847096,197096,58,17
grid,6mo/ITM5/d90/14%/IV80,OPTION,0.8,126,-0.05,0.9,0.14,0.3016,-0.0698,0.52,846031,196031,59,16
grid,2mo/ITM5/d85/7%/IV60,OPTION,0.6,42,-0.05,0.85,0.07,0.2996,-0.0962,0.4133,844733,194733,56,19
grid,9mo/ATM/d80/14%/IV60,OPTION,0.6,189,0.0,0.8,0.14,0.2975,-0.0553,0.4667,843359,193359,53,22
grid,6mo/ATM/d90/14%/IV80,OPTION,0.8,126,0.0,0.9,0.14,0.2968,-0.0778,0.4667,842913,192913,54,21
grid,6mo/OTM5/d80/7%/IV60,OPTION,0.6,126,0.05,0.8,0.07,0.2955,-0.0414,0.48,842098,192098,53,22
grid,2mo/ITM5/d80/7%/IV60,OPTION,0.6,42,-0.05,0.8,0.07,0.2936,-0.0976,0.4133,840808,190808,58,17
grid,4mo/ATM/d85/14%/IV80,OPTION,0.8,84,0.0,0.85,0.14,0.2931,-0.1278,0.44,840505,190505,51,24
grid,4mo/ITM5/d80/14%/IV60,OPTION,0.6,84,-0.05,0.8,0.14,0.2906,-0.207,0.4133,838872,188872,57,18
grid,9mo/ITM5/d80/14%/IV60,OPTION,0.6,189,-0.05,0.8,0.14,0.2891,-0.0918,0.48,837938,187938,60,15
grid,6mo/ITM5/d80/7%/IV60,OPTION,0.6,126,-0.05,0.8,0.07,0.2883,-0.0794,0.48,837374,187374,62,13
grid,6mo/ATM/d80/7%/IV60,OPTION,0.6,126,0.0,0.8,0.07,0.287,-0.0736,0.48,836569,186569,59,16
grid,4mo/ATM/d80/7%/IV60,OPTION,0.6,84,0.0,0.8,0.07,0.2864,-0.1162,0.4267,836172,186172,55,20
grid,9mo/ITM5/d80/7%/IV40,OPTION,0.4,189,-0.05,0.8,0.07,0.2834,-0.076,0.44,834229,184229,62,13
grid,4mo/OTM5/d85/14%/IV80,OPTION,0.8,84,0.05,0.85,0.14,0.2826,-0.1352,0.4133,833696,183696,49,26
grid,3mo/ITM5/d90/7%/IV80,OPTION,0.8,63,-0.05,0.9,0.07,0.2812,-0.0626,0.4133,832759,182759,54,21
grid,6mo/OTM5/d85/14%/IV80,OPTION,0.8,126,0.05,0.85,0.14,0.2735,-0.0901,0.48,827771,177771,51,24
grid,3mo/ITM5/d80/14%/IV80,OPTION,0.8,63,-0.05,0.8,0.14,0.2672,-0.1828,0.3867,823685,173685,58,17
grid,3mo/ITM5/d80/7%/IV60,OPTION,0.6,63,-0.05,0.8,0.07,0.2658,-0.1079,0.4267,822786,172786,60,15
grid,6mo/OTM5/d90/14%/IV80,OPTION,0.8,126,0.05,0.9,0.14,0.2648,-0.0894,0.4667,822102,172102,51,24
grid,9mo/ITM5/d90/7%/IV60,OPTION,0.6,189,-0.05,0.9,0.07,0.2569,-0.0538,0.56,817005,167005,53,22
grid,2mo/ATM/d80/7%/IV80,OPTION,0.8,42,0.0,0.8,0.07,0.2537,-0.1012,0.3867,814918,164918,51,24
grid,2mo/ATM/d85/7%/IV80,OPTION,0.8,42,0.0,0.85,0.07,0.2537,-0.1012,0.3867,814918,164918,51,24
grid,2mo/ITM5/d85/7%/IV80,OPTION,0.8,42,-0.05,0.85,0.07,0.2537,-0.0931,0.4,814877,164877,55,20
grid,2mo/ITM5/d90/7%/IV80,OPTION,0.8,42,-0.05,0.9,0.07,0.2537,-0.0931,0.4,814877,164877,55,20
grid,4mo/OTM5/d80/14%/IV80,OPTION,0.8,84,0.05,0.8,0.14,0.2525,-0.1352,0.4,814136,164136,49,26
grid,2mo/ITM5/d80/14%/IV80,OPTION,0.8,42,-0.05,0.8,0.14,0.2521,-0.204,0.3733,813846,163846,56,19
grid,9mo/OTM5/d80/14%/IV60,OPTION,0.6,189,0.05,0.8,0.14,0.2511,-0.0597,0.4667,813228,163228,51,24
grid,6mo/ITM5/d85/14%/IV80,OPTION,0.8,126,-0.05,0.85,0.14,0.2506,-0.0702,0.48,812904,162904,59,16
grid,6mo/ATM/d80/14%/IV80,OPTION,0.8,126,0.0,0.8,0.14,0.2495,-0.0732,0.4533,812192,162192,55,20
grid,2mo/OTM5/d80/7%/IV80,OPTION,0.8,42,0.05,0.8,0.07,0.2494,-0.1307,0.36,812134,162134,47,28
grid,6mo/ATM/d85/14%/IV80,OPTION,0.8,126,0.0,0.85,0.14,0.2489,-0.0816,0.4667,811783,161783,54,21
grid,3mo/ATM/d80/14%/IV80,OPTION,0.8,63,0.0,0.8,0.14,0.2472,-0.2118,0.3867,810693,160693,53,22
grid,3mo/ITM5/d85/7%/IV80,OPTION,0.8,63,-0.05,0.85,0.07,0.2443,-0.0951,0.4133,808819,158819,56,19
grid,4mo/ATM/d90/7%/IV80,OPTION,0.8,84,0.0,0.9,0.07,0.2417,-0.0651,0.4667,807124,157124,51,24
grid,4mo/ITM5/d80/14%/IV80,OPTION,0.8,84,-0.05,0.8,0.14,0.2412,-0.1791,0.4133,806751,156751,56,19
grid,4mo/ITM5/d85/7%/IV80,OPTION,0.8,84,-0.05,0.85,0.07,0.2357,-0.0659,0.44,803234,153234,53,22
grid,3mo/ATM/d85/7%/IV80,OPTION,0.8,63,0.0,0.85,0.07,0.2298,-0.0665,0.4,799389,149389,51,24
grid,9mo/ATM/d90/7%/IV60,OPTION,0.6,189,0.0,0.9,0.07,0.2278,-0.0408,0.4933,798056,148056,51,24
grid,3mo/ATM/d90/7%/IV80,OPTION,0.8,63,0.0,0.9,0.07,0.2275,-0.0656,0.4,797852,147852,50,25
grid,4mo/ITM5/d90/7%/IV80,OPTION,0.8,84,-0.05,0.9,0.07,0.2268,-0.0757,0.44,797401,147401,53,22
grid,6mo/ITM5/d90/7%/IV80,OPTION,0.8,126,-0.05,0.9,0.07,0.2224,-0.0482,0.52,794559,144559,59,16
grid,4mo/ATM/d85/7%/IV80,OPTION,0.8,84,0.0,0.85,0.07,0.2187,-0.065,0.44,792154,142154,51,24
grid,4mo/ITM5/d80/7%/IV60,OPTION,0.6,84,-0.05,0.8,0.07,0.218,-0.1039,0.4133,791730,141730,57,18
grid,3mo/ITM5/d80/7%/IV80,OPTION,0.8,63,-0.05,0.8,0.07,0.2153,-0.0977,0.3867,789973,139973,58,17
grid,3mo/OTM5/d90/7%/IV80,OPTION,0.8,63,0.05,0.9,0.07,0.2144,-0.0669,0.3867,789338,139338,45,30
grid,4mo/OTM5/d90/7%/IV80,OPTION,0.8,84,0.05,0.9,0.07,0.2141,-0.0681,0.4267,789176,139176,49,26
grid,3mo/OTM5/d85/7%/IV80,OPTION,0.8,63,0.05,0.85,0.07,0.2137,-0.0669,0.3867,788906,138906,45,30
grid,9mo/OTM5/d85/7%/IV60,OPTION,0.6,189,0.05,0.85,0.07,0.2134,-0.0445,0.5067,788701,138701,49,26
grid,4mo/ATM/d80/14%/IV80,OPTION,0.8,84,0.0,0.8,0.14,0.2134,-0.1997,0.4267,788686,138686,54,21
grid,9mo/ITM5/d80/7%/IV60,OPTION,0.6,189,-0.05,0.8,0.07,0.2121,-0.0588,0.48,787896,137896,60,15
grid,6mo/ITM5/d80/14%/IV80,OPTION,0.8,126,-0.05,0.8,0.14,0.2098,-0.1207,0.4667,786353,136353,61,14
grid,3mo/OTM5/d80/7%/IV80,OPTION,0.8,63,0.05,0.8,0.07,0.2089,-0.0678,0.3867,785766,135766,46,29
grid,9mo/ITM5/d85/7%/IV60,OPTION,0.6,189,-0.05,0.85,0.07,0.2087,-0.0608,0.4933,785644,135644,54,21
grid,9mo/ATM/d85/7%/IV60,OPTION,0.6,189,0.0,0.85,0.07,0.2046,-0.042,0.4933,782972,132972,52,23
grid,6mo/OTM5/d80/14%/IV80,OPTION,0.8,126,0.05,0.8,0.14,0.2019,-0.0934,0.4533,781256,131256,51,24
grid,9mo/OTM5/d90/7%/IV60,OPTION,0.6,189,0.05,0.9,0.07,0.1971,-0.0575,0.4533,778105,128105,49,26
grid,4mo/OTM5/d85/7%/IV80,OPTION,0.8,84,0.05,0.85,0.07,0.1954,-0.0693,0.4133,777036,127036,49,26
grid,4mo/ITM5/d80/7%/IV80,OPTION,0.8,84,-0.05,0.8,0.07,0.1896,-0.1071,0.4133,773246,123246,56,19
grid,6mo/ATM/d90/7%/IV80,OPTION,0.8,126,0.0,0.9,0.07,0.1889,-0.0536,0.4667,772792,122792,54,21
grid,9mo/ATM/d80/7%/IV60,OPTION,0.6,189,0.0,0.8,0.07,0.1884,-0.0486,0.4667,772476,122476,53,22
grid,3mo/ATM/d80/7%/IV80,OPTION,0.8,63,0.0,0.8,0.07,0.1854,-0.1058,0.3867,770490,120490,53,22
grid,9mo/OTM5/d80/7%/IV60,OPTION,0.6,189,0.05,0.8,0.07,0.1849,-0.0446,0.4667,770201,120201,51,24
grid,4mo/OTM5/d80/7%/IV80,OPTION,0.8,84,0.05,0.8,0.07,0.1822,-0.0693,0.4,768454,118454,49,26
grid,4mo/ATM/d80/7%/IV80,OPTION,0.8,84,0.0,0.8,0.07,0.1805,-0.1024,0.4267,767342,117342,54,21
grid,6mo/ITM5/d85/7%/IV80,OPTION,0.8,126,-0.05,0.85,0.07,0.178,-0.0501,0.48,765702,115702,59,16
grid,6mo/OTM5/d85/7%/IV80,OPTION,0.8,126,0.05,0.85,0.07,0.1735,-0.0563,0.48,762772,112772,51,24
grid,9mo/OTM5/d90/14%/IV80,OPTION,0.8,189,0.05,0.9,0.14,0.172,-0.0942,0.4267,761795,111795,49,26
grid,6mo/OTM5/d90/7%/IV80,OPTION,0.8,126,0.05,0.9,0.07,0.1711,-0.0558,0.4667,761221,111221,51,24
grid,6mo/ATM/d80/7%/IV80,OPTION,0.8,126,0.0,0.8,0.07,0.1711,-0.0491,0.4533,761183,111183,55,20
grid,6mo/ATM/d85/7%/IV80,OPTION,0.8,126,0.0,0.85,0.07,0.1665,-0.0553,0.4667,758210,108210,54,21
grid,6mo/ITM5/d80/7%/IV80,OPTION,0.8,126,-0.05,0.8,0.07,0.1631,-0.0751,0.4667,756044,106044,61,14
grid,2mo/ITM5/d80/7%/IV80,OPTION,0.8,42,-0.05,0.8,0.07,0.1525,-0.1035,0.3733,749117,99117,56,19
grid,6mo/OTM5/d80/7%/IV80,OPTION,0.8,126,0.05,0.8,0.07,0.1368,-0.0601,0.4533,738939,88939,51,24
grid,9mo/OTM5/d90/7%/IV80,OPTION,0.8,189,0.05,0.9,0.07,0.1216,-0.0825,0.4267,729056,79056,49,26
grid,9mo/ITM5/d85/14%/IV80,OPTION,0.8,189,-0.05,0.85,0.14,0.1029,-0.0952,0.48,716907,66907,53,22
grid,9mo/ATM/d85/14%/IV80,OPTION,0.8,189,0.0,0.85,0.14,0.1025,-0.0726,0.4667,716636,66636,51,24
grid,9mo/ITM5/d90/14%/IV80,OPTION,0.8,189,-0.05,0.9,0.14,0.0859,-0.0942,0.44,705842,55842,53,22
grid,9mo/ATM/d85/7%/IV80,OPTION,0.8,189,0.0,0.85,0.07,0.0841,-0.0622,0.4667,704684,54684,51,24
grid,9mo/ITM5/d85/7%/IV80,OPTION,0.8,189,-0.05,0.85,0.07,0.0812,-0.0869,0.48,702781,52781,53,22
grid,9mo/ITM5/d90/7%/IV80,OPTION,0.8,189,-0.05,0.9,0.07,0.0599,-0.0916,0.44,688960,38960,53,22
grid,9mo/ITM5/d80/7%/IV80,OPTION,0.8,189,-0.05,0.8,0.07,0.0564,-0.0842,0.4533,686671,36671,58,17
grid,9mo/OTM5/d85/14%/IV80,OPTION,0.8,189,0.05,0.85,0.14,0.0522,-0.1067,0.4133,683949,33949,49,26
grid,9mo/ATM/d90/14%/IV80,OPTION,0.8,189,0.0,0.9,0.14,0.0521,-0.1078,0.4133,683876,33876,51,24
grid,9mo/ATM/d80/7%/IV80,OPTION,0.8,189,0.0,0.8,0.07,0.0421,-0.0834,0.4,677378,27378,52,23
grid,9mo/ATM/d80/14%/IV80,OPTION,0.8,189,0.0,0.8,0.14,0.0415,-0.1152,0.4,676945,26945,52,23
grid,9mo/ITM5/d80/14%/IV80,OPTION,0.8,189,-0.05,0.8,0.14,0.0378,-0.119,0.4533,674554,24554,58,17
grid,9mo/OTM5/d85/7%/IV80,OPTION,0.8,189,0.05,0.85,0.07,0.0369,-0.0917,0.4133,673981,23981,49,26
grid,9mo/ATM/d90/7%/IV80,OPTION,0.8,189,0.0,0.9,0.07,0.0312,-0.0974,0.4133,670257,20257,51,24
grid,9mo/OTM5/d80/7%/IV80,OPTION,0.8,189,0.05,0.8,0.07,0.0247,-0.0986,0.3733,666067,16067,50,25
grid,9mo/OTM5/d80/14%/IV80,OPTION,0.8,189,0.05,0.8,0.14,0.0239,-0.1277,0.3733,665537,15537,50,25

decomp_a_shakeout_wins,symbol,buy,stock_e3_ret,stock_$,option_$,gain_$,kind
a,SMCI,2023-12-19,-0.07,-4035,53385,57420,delta-convert-run
a,STRL,2026-02-10,-0.079,-4688,30217,34906,delta-convert-run
a,PLTR,2024-07-05,-0.115,-5866,22754,28621,delta-convert-run
a,GEV,2025-01-07,-0.105,-7781,14313,22094,delta-convert-run
a,IBIT,2024-06-03,-0.071,-6024,7064,13088,delta-convert-run
a,RKLB,2025-06-09,-0.07,-3415,9536,12951,delta-convert-run
a,TOST,2024-05-09,-0.119,-7122,3293,10415,delta-convert-run
a,FIX,2024-08-27,-0.084,-5977,3888,9865,delta-convert-run
a,APH,2026-01-12,-0.104,-6440,547,6988,delta-convert-run
a,AXON,2023-11-08,-0.07,-4282,2316,6597,delta-convert-run
a,PLTR,2025-04-15,-0.07,-2380,3646,6027,delta-convert-run
a,PLTR,2025-05-05,-0.089,-4636,737,5373,delta-convert-run
a,VRT,2025-08-28,-0.078,-3632,155,3787,delta-convert-run
a_TOTAL,,,,,,218134,
decomp_b_theta_losses,symbol,buy,stock_e3_ret,stock_$,option_$,loss_$,kind
b,CLS,2026-04-13,-0.007,-380,-6431,6051,expired-worthless
b,ANET,2025-09-09,-0.01,-746,-2511,1765,expired-worthless
b,DXCM,2023-06-29,-0.046,-1659,-2279,620,expired-worthless
b_TOTAL,,,,,,8436,
NET_a_minus_b,,,,,,209697,
notional_cap_on_winners_c,,,,,,293481,

notional_7pct_iv60_6mo_ATM,symbol,strike,stock_cost,atm_prem_sh,contracts,notional,notional_over_cost
notional,MSTR,208.1,17317,36.94,1,20811,1.2
notional,SNPS,442.2,51226,78.48,1,44216,0.86
notional,MCK,413.2,50991,73.34,1,41324,0.81
notional,MDB,450.3,56760,79.92,1,45028,0.79
notional,TSLA,478.8,61898,84.99,1,47885,0.77
notional,STRL,434.9,59637,77.18,1,43485,0.73
notional,APP,462.8,68650,82.15,1,46285,0.67
notional,CLS,362.3,54709,64.31,1,36234,0.66
notional,SMCI,320.4,57644,56.86,1,32037,0.56
notional,GEV,368.6,74439,65.41,1,36857,0.5
notional,FIX,343.1,70918,60.89,1,34309,0.48
notional,ARM,131.1,29416,23.26,1,13108,0.45
notional,DUOL,173.9,41719,30.86,1,17389,0.42
notional,DKS,242.3,61222,43.0,1,24227,0.4
notional,PLTR,19.9,41245,3.53,8,15922,0.39
notional,RKLB,32.0,48793,5.68,6,19215,0.39
notional,SYM,71.7,55658,12.72,3,21500,0.39
notional,IREN,65.8,50363,11.68,3,19740,0.39
notional,NVDA,94.2,24619,16.72,1,9422,0.38
notional,IBIT,40.1,84857,7.12,8,32097,0.38
notional,RBLX,74.8,39383,13.27,2,14952,0.38
notional,MOD,247.6,65490,43.95,1,24763,0.38
notional,AIT,151.5,40426,26.88,1,15148,0.37
notional,AXON,228.4,61166,40.53,1,22837,0.37
notional,VKTX,21.5,17410,3.82,3,6459,0.37
notional,DXCM,128.4,35724,22.79,1,12841,0.36
notional,AEM,57.5,47624,10.2,3,17247,0.36
notional,TOST,26.8,59882,4.76,8,21437,0.36
notional,ELF,210.9,58138,37.42,1,21085,0.36
notional,HIMS,23.8,59845,4.23,9,21450,0.36
notional,HOOD,63.2,36072,11.22,2,12639,0.35
notional,SMR,30.9,35722,5.49,4,12371,0.35
notional,CRDO,92.2,53915,16.37,2,18450,0.34
notional,ZS,170.3,52149,30.23,1,17033,0.33
notional,CCJ,51.8,46654,9.19,3,15528,0.33
notional,UHS,190.1,58071,33.75,1,19014,0.33
notional,UBER,90.3,55375,16.02,2,18051,0.33
notional,ONON,44.7,56489,7.93,4,17880,0.32
notional,APH,72.3,67636,12.84,3,21701,0.32
notional,OKLO,30.2,37885,5.36,4,12071,0.32
notional,BIRK,53.0,52030,9.4,3,15891,0.31
notional,SQ,90.1,58922,15.99,2,18024,0.31
notional,IONQ,21.0,21105,3.72,3,6286,0.3
notional,AAPL,210.9,72116,37.43,1,21089,0.29
notional,VRT,134.0,46297,23.78,1,13398,0.29
notional,IR,99.7,71786,17.69,2,19935,0.28
notional,URBN,82.2,61420,14.59,2,16437,0.27
notional,NBIS,151.2,55719,26.84,1,15125,0.27
notional,TSM,150.4,58707,26.69,1,15036,0.26
notional,CROX,151.9,59202,26.96,1,15188,0.26
notional,IBKR,132.1,56494,23.44,1,13208,0.23
notional,FTNT,105.5,46413,18.72,1,10548,0.23
notional,DDOG,130.7,58910,23.19,1,13067,0.22
notional,SCCO,120.0,59379,21.29,1,11998,0.2
notional,ANET,141.5,71039,25.11,1,14150,0.2

time_to_conversion_winners_ATM_d85_IV60,n_winners,p25_days,p50_days,p75_days,p90_days
days_to_trigger,47,52,93,177,273

tenor_crossover_ATM_d85_IV60_7pct,tenor,winners_captured,winners_lost,capture_rate,avg_prem_frac_of_alloc,avg_notional_over_cost
crossover,2mo,15,32,0.319,0.0609,0.604
crossover,3mo,23,24,0.489,0.0641,0.516
crossover,4mo,28,19,0.596,0.0666,0.462
crossover,6mo,35,12,0.745,0.0726,0.409
crossover,9mo,42,5,0.894,0.0819,0.374
