year,symbol,entry_px,exit_px,buy_date,sell_date,actual_ret,breached,max_drawdown_below_entry,hardstop_ret,delta_dollar,classification,flag
2023,HXL,76.6216,68.0579,2023-06-29,2023-07-25,-0.1118,True,-0.1121,-0.0700,2131.25,discretion HURT,
2023,MCK,413.2400,396.2534,2023-06-27,2023-07-31,-0.0411,False,-0.0434,-0.0411,0.00,not breached,
2023,DXCM,128.4100,125.2898,2023-06-29,2023-07-31,-0.0243,False,-0.0341,-0.0243,0.00,not breached,
2023,IONQ,20.9549,17.9709,2023-09-12,2023-09-14,-0.1424,True,-0.1520,-0.0756,1409.10,discretion HURT,
2023,SNPS,442.1600,449.3195,2023-07-10,2023-09-15,0.0162,False,-0.0535,0.0162,0.00,not breached,
2023,MTSI,81.1536,76.6573,2023-08-29,2023-10-17,-0.0554,False,-0.0658,-0.0554,0.00,not breached,
2023,ZS,170.3267,161.1898,2023-10-09,2023-10-20,-0.0536,False,-0.0660,-0.0536,0.00,not breached,
2023,DUOL,173.8909,150.1622,2023-10-09,2023-10-20,-0.1365,True,-0.1481,-0.0700,2772.55,discretion HURT,
2023,AIT,151.4795,152.1950,2023-08-15,2023-10-25,0.0047,False,-0.0582,0.0047,0.00,not breached,
2023,APPF,205.4317,185.2607,2023-11-14,2023-12-07,-0.0982,True,-0.1191,-0.0700,1435.55,discretion HURT,
2023,SMCI,320.3658,293.8342,2023-12-19,2023-12-22,-0.0828,True,-0.1102,-0.0700,738.80,discretion HURT,
2023,PLTR,19.9030,17.2803,2023-11-15,2023-12-29,-0.1318,True,-0.1433,-0.0700,2547.94,discretion HURT,
2023,SQQQ,48.5000,13.3250,,,-0.7253,False,,-0.7253,0.00,not breached,missing dates
2024,YELP,47.4281,43.5164,2023-12-26,2024-01-11,-0.0825,True,-0.0925,-0.0700,478.44,discretion HURT,
2024,TS,35.0850,31.3939,2023-11-03,2024-01-16,-0.1052,True,-0.1083,-0.0700,1441.40,discretion HURT,
2024,MNSO,20.4910,20.8648,2023-07-28,2024-01-17,0.0182,True,-0.1084,-0.0700,-3645.88,weathered storm to profit,
2024,ACMR,21.1937,17.3506,2024-01-11,2024-01-31,-0.1813,True,-0.1899,-0.0700,5327.99,discretion HURT,
2024,MDB,450.2796,435.8399,2024-02-05,2024-02-20,-0.0321,False,-0.0470,-0.0321,0.00,not breached,
2024,VKTX,21.5300,34.9074,2024-01-18,2024-02-21,0.6213,False,-0.0365,0.6213,0.00,not breached,
2024,BIRK,52.9713,48.0566,2024-02-22,2024-02-29,-0.0928,True,-0.1552,-0.0980,-271.72,discretion HELPED,
2024,DDOG,130.6700,123.5571,2023-12-26,2024-03-05,-0.0544,True,-0.1529,-0.0700,-916.97,discretion HELPED,
2024,IOT,34.9027,34.9046,2024-02-09,2024-03-15,0.0001,True,-0.1067,-0.0746,-3871.51,weathered storm to profit,
2024,KD,17.8845,21.6673,2023-11-13,2024-03-22,0.2115,False,-0.0372,0.2115,0.00,not breached,
2024,BPMC,97.2016,90.5418,2024-02-27,2024-04-12,-0.0685,True,-0.1302,-0.0700,-105.81,discretion HELPED,
2024,CCJ,51.7600,49.2368,2024-04-12,2024-04-12,-0.0487,False,,-0.0487,0.00,not breached,
2024,AXON,228.3659,304.5027,2023-11-08,2024-04-15,0.3334,False,-0.0678,0.3334,0.00,not breached,
2024,ARM,131.0755,122.4567,2024-04-11,2024-04-15,-0.0658,True,-0.0772,-0.0700,-124.89,discretion HELPED,
2024,BLBD,30.0081,33.5752,2024-01-30,2024-04-18,0.1189,False,-0.0400,0.1189,0.00,not breached,
2024,UFPT,202.8001,212.7624,2024-03-19,2024-04-19,0.0491,False,0.0088,0.0491,0.00,not breached,
2024,AAON,72.0323,76.9464,2024-01-22,2024-05-08,0.0682,False,-0.0346,0.0682,0.00,not breached,
2024,TOST,26.7962,23.7809,2024-05-09,2024-05-29,-0.1125,True,-0.1435,-0.0700,2546.44,discretion HURT,
2024,VKTX,21.5260,56.3705,2024-01-18,2024-06-04,1.6187,False,-0.0363,1.6187,0.00,not breached,
2024,SCCO,119.9800,105.6885,2024-05-10,2024-06-13,-0.1191,True,-0.1232,-0.0700,2916.43,discretion HURT,
2024,IBIT,40.1218,36.7850,2024-06-03,2024-06-18,-0.0832,True,-0.0918,-0.0700,1117.35,discretion HURT,
2024,UHS,190.1435,180.0968,2024-06-17,2024-07-05,-0.0528,False,-0.0657,-0.0528,0.00,not breached,
2024,CROX,151.8833,143.2600,2024-05-28,2024-07-09,-0.0568,False,-0.0607,-0.0568,0.00,not breached,
2024,ELF,210.8544,188.3015,2024-06-18,2024-07-16,-0.1070,True,-0.1216,-0.0700,2148.78,discretion HURT,
2024,NVDA,94.2200,117.8140,2024-05-15,2024-07-18,0.2504,False,0.2371,0.2504,0.00,not breached,split/ticker mismatch (tiingo~946.30 vs entry 94.22)
2024,IR,99.6763,88.9300,2024-07-22,2024-08-02,-0.1078,True,-0.1304,-0.0770,2211.00,discretion HURT,
2024,NVDA,94.2172,101.8897,2024-05-15,2024-08-02,0.0814,False,0.0759,0.0814,0.00,not breached,split/ticker mismatch (tiingo~946.30 vs entry 94.22)
2024,PLTR,26.8900,24.2603,2024-07-05,2024-08-02,-0.1066,True,-0.1168,-0.0796,1375.81,discretion HURT,
2024,TSM,150.3557,149.3537,2024-05-14,2024-08-02,-0.0067,False,-0.0231,-0.0067,0.00,not breached,
2024,AAPL,210.8880,211.0101,2024-06-21,2024-08-08,0.0006,True,-0.0706,-0.0700,-5089.88,weathered storm to profit,
2024,FIX,343.0890,313.2751,2024-08-27,2024-09-11,-0.0869,True,-0.1249,-0.0700,1198.40,discretion HURT,
2024,PRCT,81.8342,68.2231,2024-09-18,2024-10-22,-0.1663,True,-0.1761,-0.0700,5400.35,discretion HURT,
2024,HMY,8.6074,9.8983,2024-03-27,2024-11-11,0.1500,False,-0.0671,0.1500,0.00,not breached,
2024,AEM,57.4885,77.1603,2024-03-27,2024-11-13,0.3422,False,0.0120,0.3422,0.00,not breached,
2024,HIMS,23.8336,21.6024,2024-10-22,2024-11-14,-0.0936,True,-0.2311,-0.0700,1413.12,discretion HURT,
2024,MSTR,208.1100,444.1597,2024-10-15,2024-11-18,1.1343,True,-0.1072,-0.0700,-20854.40,weathered storm to profit,
2024,IBKR,132.0782,187.5195,2024-09-19,2024-12-03,0.4198,False,-0.0028,0.4198,0.00,not breached,
2024,AMSC,35.7111,25.6209,2024-12-04,2024-12-13,-0.2826,True,-0.2848,-0.0700,15580.07,discretion HURT,
2024,ERJ,28.8988,34.9582,2024-05-14,2024-12-18,0.2097,False,,0.2097,0.00,not breached,no coverage
2024,NVDA,127.8300,127.4850,2024-08-27,2024-12-17,-0.0027,True,-0.2103,-0.0700,-4754.66,discretion HELPED,
2025,APH,72.3350,69.1950,2024-11-13,2025-01-02,-0.0434,False,-0.0506,-0.0434,0.00,not breached,
2025,SQ,90.1192,82.7350,2025-01-03,2025-01-10,-0.0819,False,,-0.0819,0.00,not breached,no coverage
2025,ONON,44.6988,59.7429,2024-08-23,2025-01-31,0.3366,False,-0.0604,0.3366,0.00,not breached,
2025,AGX,169.9090,135.6718,2025-01-14,2025-01-31,-0.2015,True,-0.2543,-0.0710,10628.52,discretion HURT,
2025,TILE,18.7020,23.5486,2024-08-23,2025-02-03,0.2591,False,-0.0685,0.2591,0.00,not breached,
2025,TOST,42.5025,38.2499,2025-02-18,2025-02-20,-0.1001,True,-0.1055,-0.0700,1835.52,discretion HURT,
2025,AXON,701.3249,531.6400,2025-02-18,2025-02-20,-0.2419,True,-0.2562,-0.0700,15760.28,discretion HURT,
2025,GEV,368.5652,360.5332,2025-01-07,2025-02-20,-0.0218,True,-0.1380,-0.0786,-4227.87,discretion HELPED,
2025,OKLO,30.1783,39.7623,2025-01-06,2025-02-21,0.3176,True,-0.2876,-0.0808,-15092.34,weathered storm to profit,
2025,DKS,242.2693,226.6147,2025-02-11,2025-02-21,-0.0646,True,-0.0849,-0.0700,-329.57,discretion HELPED,
2025,MSTR,208.1148,283.9400,2024-10-15,2025-02-24,0.3643,True,-0.1072,-0.0700,-23322.20,weathered storm to profit,
2025,PSTG,67.3840,63.3653,2025-01-16,2025-02-24,-0.0596,False,,-0.0596,0.00,not breached,no coverage
2025,IBIT,45.4834,50.0214,2024-10-28,2025-02-25,0.0998,True,-0.1608,-0.1082,-12566.58,weathered storm to profit,
2025,MTRX,13.8896,12.5200,2025-02-04,2025-02-27,-0.0986,True,-0.1540,-0.1353,-830.59,discretion HELPED,
2025,FTNT,105.4763,94.6800,2025-02-07,2025-03-13,-0.1024,True,-0.1157,-0.0700,1501.80,discretion HURT,
2025,ADMA,20.6577,18.9477,2025-04-14,2025-04-21,-0.0828,True,-0.0899,-0.0700,346.43,discretion HURT,
2025,PLTR,96.3364,89.7850,2025-04-15,2025-04-21,-0.0680,True,-0.0729,-0.0700,-67.81,discretion HELPED,
2025,AXGN,16.9926,13.3067,2024-12-26,2025-05-08,-0.2169,True,-0.3527,-0.0700,5578.51,discretion HURT,
2025,TGTX,38.1018,32.7857,2025-04-14,2025-05-13,-0.1395,True,-0.1423,-0.0700,1525.41,discretion HURT,
2025,ADMA,24.5703,20.2012,2025-04-29,2025-06-04,-0.1778,True,-0.2369,-0.0749,2428.00,discretion HURT,
2025,LOAR,98.0004,84.0389,2025-05-05,2025-06-10,-0.1425,True,-0.1725,-0.0700,1987.70,discretion HURT,
2025,WAY,40.4371,37.7550,2025-05-05,2025-06-20,-0.0663,True,-0.0792,-0.0700,-136.32,discretion HELPED,
2025,PLTR,123.7018,131.5050,2025-05-05,2025-07-01,0.0631,True,-0.1486,-0.0889,-7883.03,weathered storm to profit,
2025,HOOD,63.1950,90.7250,2025-05-19,2025-07-01,0.4356,False,-0.0089,0.4356,0.00,not breached,
2025,UBER,90.2548,90.0300,2025-05-12,2025-07-17,-0.0025,True,-0.0930,-0.0700,-3738.31,discretion HELPED,
2025,ROAD,113.0535,102.2018,2025-07-17,2025-07-22,-0.0960,True,-0.1133,-0.0700,1180.11,discretion HURT,
2025,QUBT,17.3398,14.1893,2025-07-23,2025-08-01,-0.1817,True,-0.1942,-0.0700,2546.31,discretion HURT,
2025,RBLX,74.7578,127.5148,2025-05-12,2025-08-01,0.7057,False,-0.0184,0.7057,0.00,not breached,
2025,TSSI,22.6519,19.2216,2025-06-06,2025-08-11,-0.1514,True,-0.2010,-0.0700,4099.25,discretion HURT,
2025,SMR,30.9268,36.8421,2025-05-23,2025-08-12,0.1913,False,-0.0484,0.1913,0.00,not breached,
2025,GEV,377.4220,610.8763,2025-04-24,2025-08-15,0.6185,False,-0.0543,0.6185,0.00,not breached,
2025,VRT,133.9833,123.9000,2025-08-28,2025-09-04,-0.0753,True,-0.1069,-0.0768,-69.11,discretion HELPED,
2025,HLI,198.8200,197.8846,2025-08-26,2025-10-06,-0.0047,False,-0.0460,-0.0047,0.00,not breached,
2025,ANET,141.4951,138.3228,2025-09-09,2025-10-14,-0.0224,False,-0.0333,-0.0224,0.00,not breached,
2025,OKLO,63.8587,152.2445,2025-07-16,2025-10-15,1.3841,True,-0.0780,-0.0700,-63332.88,weathered storm to profit,
2025,VRT,164.7227,166.7379,2025-10-08,2025-10-23,0.0122,False,-0.0124,0.0122,0.00,not breached,
2025,CRDO,92.2492,136.3041,2025-07-02,2025-10-23,0.4776,False,-0.0415,0.4776,0.00,not breached,
2025,NTGR,33.1152,29.8492,2025-10-24,2025-11-04,-0.0986,True,-0.1303,-0.0700,1592.13,discretion HURT,
2025,AMSC,39.7680,40.3175,2025-07-02,2025-11-06,0.0138,True,-0.0897,-0.0700,-4374.40,weathered storm to profit,
2025,RKLB,32.0253,51.1539,2025-06-09,2025-11-06,0.5973,True,-0.2119,-0.0767,-32884.64,weathered storm to profit,
2025,SYM,71.6674,65.9939,2025-10-27,2025-11-07,-0.0792,True,-0.0981,-0.0700,510.11,discretion HURT,
2025,TQQQ,104.6291,99.7341,2025-11-07,2025-11-14,-0.0468,False,-0.0560,-0.0468,0.00,not breached,
2025,APP,462.8461,529.3555,2025-08-26,2025-11-18,0.1437,False,-0.0229,0.1437,0.00,not breached,
2025,VRT,180.3300,154.2999,2025-11-20,2025-11-21,-0.1443,True,-0.1731,-0.1127,1585.40,discretion HURT,
2025,CCJ,79.4756,79.3433,2025-08-28,2025-11-21,-0.0017,True,-0.0790,-0.0700,-4899.55,discretion HELPED,
2026,URBN,82.1836,71.6000,2025-12-18,2026-01-12,-0.1288,True,-0.1446,-0.0700,3610.31,discretion HURT,
2026,APP,678.2649,603.7100,2025-12-04,2026-01-15,-0.1099,True,-0.1220,-0.0700,2446.18,discretion HURT,
2026,AAPL,271.3409,256.1920,2025-11-10,2026-01-16,-0.0558,False,-0.0605,-0.0558,0.00,not breached,
2026,TSLA,478.8470,423.5799,2025-12-15,2026-01-29,-0.1154,True,-0.1341,-0.0700,2811.22,discretion HURT,
2026,APH,145.6200,136.8199,2026-01-12,2026-02-04,-0.0604,True,-0.1115,-0.0700,-591.78,discretion HELPED,
2026,SEI,55.2073,51.3156,2026-01-13,2026-02-04,-0.0705,True,-0.1639,-0.0700,35.63,discretion HURT,
2026,KRMN,80.1300,96.1010,2026-01-05,2026-02-04,0.1993,False,0.0421,0.1993,0.00,not breached,
2026,RKT,21.0508,19.4345,2026-01-05,2026-02-04,-0.0768,True,-0.1901,-0.0950,-1104.36,discretion HELPED,
2026,STRL,434.8507,390.1509,2026-02-10,2026-03-04,-0.1028,True,-0.0925,-0.0700,1955.71,discretion HURT,
2026,Q,112.4121,113.8630,2026-02-19,2026-03-04,0.0129,False,-0.0206,0.0129,0.00,not breached,
2026,WLDN,118.6077,79.9597,2026-02-09,2026-03-12,-0.3258,True,-0.3481,-0.0700,12448.14,discretion HURT,
2026,UFO,39.5617,43.0850,2025-12-30,2026-03-30,0.0891,False,-0.0263,0.0891,0.00,not breached,
2026,APLD,38.3678,22.4520,2026-01-21,2026-03-30,-0.4148,True,-0.4787,-0.0760,23424.31,discretion HURT,
2026,GEV,643.4200,1154.2551,2025-12-09,2026-04-23,0.7939,False,-0.0471,0.7939,0.00,not breached,
2026,CLS,362.3395,355.6358,2026-04-13,2026-04-28,-0.0185,False,-0.0340,-0.0185,0.00,not breached,
2026,NBIS,151.2456,132.8884,2026-04-10,2026-04-28,-0.1214,True,-0.1226,-0.0700,2862.49,discretion HURT,
2026,ALMU,25.1426,20.9468,2026-05-05,2026-05-14,-0.1669,True,-0.1727,-0.0700,4587.39,discretion HURT,
2026,CRDO,194.4958,169.0000,2026-05-05,2026-05-18,-0.1311,True,-0.2267,-0.0700,4502.62,discretion HURT,
2026,MOD,247.6255,238.0000,2026-04-09,2026-05-19,-0.0389,True,-0.0818,-0.0700,-2038.63,discretion HELPED,
2026,SQM,83.9316,80.7630,2026-04-08,2026-06-02,-0.0378,True,-0.0706,-0.0703,-2071.81,discretion HELPED,
2026,IREN,65.7990,47.8900,2026-06-01,2026-06-26,-0.2722,True,-0.3153,-0.0700,10182.21,discretion HURT,
2026,VIAV,56.7250,47.8156,2026-06-15,2026-06-26,-0.1571,True,-0.1907,-0.0700,5511.72,discretion HURT,
