year,symbol,entry,cost,actual_ret,fixed7_ret,fixed7_stopped,fixed7_stopdate,fixed8_ret,fixed8_stopped,fixed8_stopdate,V1_ret,V1_stopped,V1_stopdate,V2_ret,V2_stopped,V2_stopdate,V3_ret,V3_stopped,V3_stopdate,V3b_ret,V3b_stopped,V3b_stopdate,V3_note,data_src,split
2023,HXL,76.6216,51028,-0.1118,-0.0700,True,2023-07-25,-0.0800,True,2023-07-25,-0.0700,True,2023-07-25,-0.0781,True,2023-07-25,-0.0627,True,2023-07-25,-0.0627,True,2023-07-25,ATR20=1.541 stop=73.540 (-4.0% below entry),tiingo_short,False
2023,MCK,413.2400,50991,-0.0411,-0.0411,False,,-0.0411,False,,-0.0411,False,,-0.0411,False,,-0.0371,True,2023-07-31,-0.0411,False,,ATR20=7.668 stop=397.904 (-3.7% below entry),tiingo_short,False
2023,DXCM,128.4100,35724,-0.0243,-0.0243,False,,-0.0243,False,,-0.0243,False,,-0.0243,False,,-0.0243,False,,-0.0243,False,,ATR20=3.748 stop=120.915 (-5.8% below entry),tiingo_short,False
2023,IONQ,20.9549,21105,-0.1424,-0.0756,True,2023-09-13,-0.0800,True,2023-09-13,-0.0756,True,2023-09-13,-0.0756,True,2023-09-13,-0.1424,False,,-0.1424,False,,ATR20=1.706 stop=17.543 (-16.3% below entry),tiingo_short,False
2023,SNPS,442.1600,51226,0.0162,0.0162,False,,0.0162,False,,0.0162,False,,-0.0299,True,2023-08-09,-0.0419,True,2023-08-17,-0.0524,True,2023-08-18,ATR20=9.268 stop=423.623 (-4.2% below entry),tiingo_short,False
2023,MTSI,81.1536,41151,-0.0554,-0.0554,False,,-0.0554,False,,-0.0554,False,,-0.0554,False,,-0.0554,False,,-0.0554,False,,ATR20=2.900 stop=75.354 (-7.1% below entry),tiingo_short,False
2023,ZS,170.3267,52149,-0.0536,-0.0536,False,,-0.0536,False,,-0.0536,False,,-0.0536,False,,-0.0536,False,,-0.0536,False,,ATR20=5.884 stop=158.559 (-6.9% below entry),tiingo_short,False
2023,DUOL,173.8909,41719,-0.1365,-0.0700,True,2023-10-13,-0.0800,True,2023-10-13,-0.0700,True,2023-10-13,-0.1365,False,,-0.0787,True,2023-10-13,-0.0983,True,2023-10-19,ATR20=6.839 stop=160.212 (-7.9% below entry),tiingo_short,False
2023,AIT,151.4795,40426,0.0047,0.0047,False,,0.0047,False,,0.0047,False,,0.0047,False,,-0.0465,True,2023-08-17,-0.0582,True,2023-08-18,ATR20=3.525 stop=144.430 (-4.7% below entry),tiingo_short,False
2023,APPF,205.4317,50927,-0.0982,-0.0700,True,2023-11-28,-0.0800,True,2023-11-29,-0.0700,True,2023-11-28,-0.1178,True,2023-12-07,-0.0723,True,2023-11-28,-0.0904,True,2023-11-30,ATR20=7.425 stop=190.582 (-7.2% below entry),tiingo_short,False
2023,SMCI,320.3658,57644,-0.0828,-0.0700,True,2023-12-22,-0.0800,True,2023-12-22,-0.0700,True,2023-12-22,-0.0700,True,2023-12-22,-0.0987,True,2023-12-22,-0.0828,False,,ATR20=15.805 stop=288.755 (-9.9% below entry),tiingo_short,False
2023,PLTR,19.9030,41245,-0.1318,-0.0700,True,2023-12-04,-0.0800,True,2023-12-04,-0.0700,True,2023-12-04,-0.1393,True,2023-12-06,-0.1112,True,2023-12-06,-0.1224,True,2023-12-06,ATR20=0.974 stop=17.955 (-9.8% below entry),tiingo_short,False
2023,SQQQ,48.5000,24798,-0.7253,-0.7253,False,,-0.7253,False,,-0.7253,False,,-0.7253,False,,-0.7253,False,,-0.7253,False,,missing dates,,False
2024,YELP,47.4281,38349,-0.0825,-0.0700,True,2024-01-10,-0.0800,True,2024-01-11,-0.0700,True,2024-01-10,-0.0825,False,,-0.0479,True,2024-01-05,-0.0598,True,2024-01-10,ATR20=1.135 stop=45.159 (-4.8% below entry),tiingo_short,False
2024,TS,35.0850,40942,-0.1052,-0.0700,True,2024-01-09,-0.0800,True,2024-01-10,-0.0700,True,2024-01-09,-0.0449,True,2024-01-08,-0.0487,True,2023-11-08,-0.0608,True,2023-11-22,ATR20=0.854 stop=33.377 (-4.9% below entry),tiingo_short,False
2024,MNSO,20.4910,41318,0.0182,-0.0700,True,2023-08-11,-0.0800,True,2023-08-11,-0.0700,True,2023-08-11,0.1659,True,2023-11-22,-0.0863,True,2023-08-11,-0.0162,True,2023-12-05,ATR20=0.884 stop=18.723 (-8.6% below entry),tiingo_short,False
2024,ACMR,21.1937,47856,-0.1813,-0.0700,True,2024-01-17,-0.0800,True,2024-01-17,-0.0700,True,2024-01-17,-0.1502,True,2024-01-30,-0.1007,True,2024-01-26,-0.1259,True,2024-01-29,ATR20=1.067 stop=19.059 (-10.1% below entry),tiingo_short,False
2024,MDB,450.2796,56760,-0.0321,-0.0321,False,,-0.0321,False,,-0.0321,False,,-0.0321,False,,-0.0321,False,,-0.0321,False,,ATR20=17.883 stop=414.514 (-7.9% below entry),tiingo_short,False
2024,VKTX,21.5300,17410,0.6213,0.6213,False,,0.6213,False,,0.6213,False,,0.6213,False,,0.6213,False,,0.6213,False,,ATR20=1.348 stop=18.835 (-12.5% below entry),tiingo_short,False
2024,BIRK,52.9713,52030,-0.0928,-0.0980,True,2024-02-29,-0.0980,True,2024-02-29,-0.0980,True,2024-02-29,-0.0928,False,,-0.0980,True,2024-02-29,-0.1012,True,2024-02-29,ATR20=2.144 stop=48.684 (-8.1% below entry),tiingo_short,False
2024,DDOG,130.6700,58910,-0.0544,-0.0700,True,2023-12-29,-0.0876,True,2024-01-02,-0.0700,True,2023-12-29,-0.0649,True,2024-01-25,-0.0510,True,2023-12-27,-0.0626,True,2023-12-29,ATR20=3.270 stop=124.129 (-5.0% below entry),tiingo_short,False
2024,IOT,34.9027,51879,0.0001,-0.0746,True,2024-02-13,-0.0800,True,2024-02-13,-0.0746,True,2024-02-13,-0.0955,True,2024-02-21,-0.0915,True,2024-02-13,0.0001,False,,ATR20=1.596 stop=31.711 (-9.1% below entry),tiingo_short,False
2024,KD,17.8845,39459,0.2115,0.2115,False,,0.2115,False,,0.2115,False,,0.2115,False,,0.2115,False,,0.2115,False,,ATR20=0.575 stop=16.734 (-6.4% below entry),tiingo_short,False
2024,BPMC,97.2016,71279,-0.0685,-0.0700,True,2024-03-04,-0.0802,True,2024-03-05,-0.0700,True,2024-03-04,-0.0685,False,,-0.1013,True,2024-03-12,-0.1267,True,2024-03-20,ATR20=4.926 stop=87.351 (-10.1% below entry),tiingo_short,False
2024,CCJ,51.7600,46654,-0.0487,-0.0487,False,,-0.0487,False,,-0.0487,False,,-0.0487,False,,-0.0487,False,,-0.0487,False,,,tiingo_short,False
2024,AXON,228.3659,61166,0.3334,0.3334,False,,0.3334,False,,0.3334,False,,0.3334,False,,-0.0529,True,2023-11-09,-0.0662,True,2023-11-09,ATR20=6.044 stop=216.277 (-5.3% below entry),tiingo_short,False
2024,ARM,131.0755,29416,-0.0658,-0.0700,True,2024-04-15,-0.0658,False,,-0.0700,True,2024-04-15,-0.0668,True,2024-04-15,-0.0658,False,,-0.0658,False,,ATR20=7.009 stop=117.058 (-10.7% below entry),tiingo_short,False
2024,BLBD,30.0081,43950,0.1189,0.1189,False,,0.1189,False,,0.1189,False,,0.1204,True,2024-04-18,0.1189,False,,0.1189,False,,ATR20=0.968 stop=28.073 (-6.4% below entry),tiingo_short,False
2024,UFPT,202.8001,54467,0.0491,0.0491,False,,0.0491,False,,0.0149,True,2024-04-19,0.0491,False,,0.0491,False,,0.0491,False,,ATR20=9.135 stop=184.530 (-9.0% below entry),tiingo_short,False
2024,AAON,72.0323,43911,0.0682,0.0682,False,,0.0682,False,,0.0700,True,2024-05-03,0.0884,True,2024-05-03,0.0682,False,,0.0682,False,,ATR20=1.611 stop=68.810 (-4.5% below entry),tiingo_short,False
2024,TOST,26.7962,59882,-0.1125,-0.0700,True,2024-05-29,-0.0800,True,2024-05-29,-0.0700,True,2024-05-29,-0.1182,True,2024-05-29,-0.0808,True,2024-05-29,-0.1010,True,2024-05-29,ATR20=1.082 stop=24.632 (-8.1% below entry),tiingo_short,False
2024,VKTX,21.5260,30713,1.6187,1.6187,False,,1.6187,False,,2.6945,True,2024-02-29,1.9462,True,2024-04-19,1.6187,False,,1.6187,False,,ATR20=1.347 stop=18.831 (-12.5% below entry),tiingo_short,False
2024,SCCO,119.9800,59379,-0.1191,-0.0700,True,2024-06-04,-0.0800,True,2024-06-04,-0.0700,True,2024-06-04,-0.0817,True,2024-06-04,-0.0688,True,2024-06-04,-0.0860,True,2024-06-04,ATR20=4.126 stop=111.727 (-6.9% below entry),tiingo_short,False
2024,IBIT,40.1218,84857,-0.0832,-0.0700,True,2024-06-14,-0.0800,True,2024-06-18,-0.0700,True,2024-06-14,-0.0703,True,2024-06-14,-0.0692,True,2024-06-14,-0.0865,True,2024-06-18,ATR20=1.388 stop=37.347 (-6.9% below entry),tiingo_short,False
2024,UHS,190.1435,58071,-0.0528,-0.0528,False,,-0.0528,False,,-0.0528,False,,-0.0528,False,,-0.0437,True,2024-06-25,-0.0546,True,2024-07-05,ATR20=4.153 stop=181.837 (-4.4% below entry),tiingo_short,False
2024,CROX,151.8833,59202,-0.0568,-0.0568,False,,-0.0568,False,,-0.0568,False,,-0.0568,False,,-0.0568,False,,-0.0568,False,,ATR20=5.034 stop=141.815 (-6.6% below entry),tiingo_short,False
2024,ELF,210.8544,58138,-0.1070,-0.0700,True,2024-07-15,-0.0800,True,2024-07-15,-0.0700,True,2024-07-15,-0.1070,False,,-0.1026,True,2024-07-16,-0.1070,False,,ATR20=10.820 stop=189.214 (-10.3% below entry),tiingo_short,False
2024,NVDA,94.2200,24619,0.2504,0.2504,False,,0.2504,False,,0.2775,True,2024-06-10,0.2504,False,,0.2504,False,,0.2504,False,,ATR20=3.743 stop=86.734 (-7.9% below entry),tiingo_short,True
2024,IR,99.6763,71786,-0.1078,-0.0770,True,2024-08-01,-0.0800,True,2024-08-01,-0.0770,True,2024-08-01,-0.0847,True,2024-08-01,-0.0419,True,2024-07-25,-0.0770,True,2024-08-01,ATR20=2.089 stop=95.499 (-4.2% below entry),tiingo_short,False
2024,NVDA,94.2172,64009,0.0814,0.0814,False,,0.0814,False,,0.2776,True,2024-06-10,0.2126,True,2024-07-24,0.0814,False,,0.0814,False,,ATR20=3.743 stop=86.731 (-7.9% below entry),tiingo_short,True
2024,PLTR,26.8900,50874,-0.1066,-0.0796,True,2024-08-02,-0.0800,True,2024-08-02,-0.0796,True,2024-08-02,-0.1066,False,,-0.0796,True,2024-08-02,-0.0923,True,2024-08-02,ATR20=0.992 stop=24.905 (-7.4% below entry),tiingo_short,False
2024,TSM,150.3557,58707,-0.0067,-0.0067,False,,-0.0067,False,,0.0294,True,2024-07-25,0.0628,True,2024-07-24,0.0000,True,2024-08-02,0.0000,True,2024-08-02,ATR20=4.623 stop=141.109 (-6.2% below entry),tiingo_short,False
2024,AAPL,210.8880,72116,0.0006,-0.0700,True,2024-08-05,0.0006,False,,-0.0700,True,2024-08-05,-0.0077,True,2024-08-05,-0.0559,True,2024-08-05,-0.0577,True,2024-08-05,ATR20=4.869 stop=201.150 (-4.6% below entry),tiingo_short,False
2024,FIX,343.0890,70918,-0.0869,-0.0700,True,2024-09-03,-0.0800,True,2024-09-03,-0.0700,True,2024-09-03,-0.0824,True,2024-09-03,-0.0908,True,2024-09-04,-0.1136,True,2024-09-05,ATR20=15.584 stop=311.920 (-9.1% below entry),tiingo_short,False
2024,PRCT,81.8342,56064,-0.1663,-0.0700,True,2024-10-01,-0.0800,True,2024-10-01,-0.0700,True,2024-10-01,-0.1493,True,2024-10-07,-0.1145,True,2024-10-04,-0.1432,True,2024-10-07,ATR20=4.686 stop=72.462 (-11.5% below entry),tiingo_short,False
2024,HMY,8.6074,55791,0.1500,0.1500,False,,0.1500,False,,0.0038,True,2024-07-25,0.0619,True,2024-05-23,0.0000,True,2024-07-25,0.0000,True,2024-07-25,ATR20=0.386 stop=7.835 (-9.0% below entry),tiingo_short,False
2024,AEM,57.4885,47624,0.3422,0.3422,False,,0.3422,False,,0.3422,False,,0.3591,True,2024-11-11,0.3422,False,,0.3422,False,,ATR20=1.363 stop=54.762 (-4.7% below entry),tiingo_short,False
2024,HIMS,23.8336,59845,-0.0936,-0.0700,True,2024-10-23,-0.0800,True,2024-10-23,-0.0700,True,2024-10-23,-0.0700,True,2024-10-23,-0.1181,True,2024-10-23,-0.1476,True,2024-10-30,ATR20=1.407 stop=21.019 (-11.8% below entry),tiingo_short,False
2024,MSTR,208.1100,17317,1.1343,-0.0700,True,2024-10-16,-0.0800,True,2024-10-17,-0.0700,True,2024-10-16,-0.0700,True,2024-10-16,1.1343,False,,1.1343,False,,ATR20=14.694 stop=178.721 (-14.1% below entry),tiingo_short,False
2024,IBKR,132.0782,56494,0.4198,0.4198,False,,0.4198,False,,0.4198,False,,0.4198,False,,0.4198,False,,0.4198,False,,ATR20=2.944 stop=126.190 (-4.5% below entry),tiingo_short,False
2024,AMSC,35.7111,73300,-0.2826,-0.0700,True,2024-12-06,-0.0800,True,2024-12-06,-0.0700,True,2024-12-06,-0.2428,True,2024-12-10,-0.1789,True,2024-12-09,-0.2236,True,2024-12-10,ATR20=3.195 stop=29.322 (-17.9% below entry),tiingo_short,False
2024,ERJ,28.8988,71510,0.2097,,False,,,False,,,False,,,False,,,False,,,False,,no coverage,,False
2024,NVDA,127.8300,70648,-0.0027,-0.0700,True,2024-08-29,-0.0800,True,2024-08-29,-0.0700,True,2024-08-29,-0.0700,True,2024-08-29,-0.1149,True,2024-09-03,-0.1436,True,2024-09-03,ATR20=7.343 stop=113.144 (-11.5% below entry),tiingo_short,False
2025,APH,72.3350,67636,-0.0434,-0.0434,False,,-0.0434,False,,-0.0434,False,,-0.0392,True,2024-12-30,-0.0448,True,2024-12-20,-0.0434,False,,ATR20=1.622 stop=69.092 (-4.5% below entry),tiingo_short,False
2025,SQ,90.1192,58922,-0.0819,-0.0700,True,2025-01-10,-0.0800,True,2025-01-10,-0.0700,True,2025-01-10,-0.0841,True,2025-01-10,-0.0789,True,2025-01-10,-0.0819,False,,ATR20=3.557 stop=83.004 (-7.9% below entry),tiingo_short,False
2025,ONON,44.6988,56489,0.3366,0.3366,False,,0.3366,False,,0.3366,False,,0.0609,True,2024-10-31,0.3366,False,,0.3366,False,,ATR20=2.048 stop=40.602 (-9.2% below entry),tiingo_short,False
2025,AGX,169.9090,81463,-0.2015,-0.0710,True,2025-01-27,-0.0800,True,2025-01-27,-0.0710,True,2025-01-27,-0.1916,True,2025-01-27,-0.0977,True,2025-01-27,-0.1222,True,2025-01-27,ATR20=8.304 stop=153.301 (-9.8% below entry),tiingo_short,False
2025,TILE,18.7020,56487,0.2591,0.2591,False,,0.2591,False,,0.2591,False,,-0.0472,True,2024-10-29,0.2591,False,,0.2591,False,,ATR20=0.724 stop=17.254 (-7.7% below entry),tiingo_short,False
2025,TOST,42.5025,61070,-0.1001,-0.0700,True,2025-02-20,-0.0800,True,2025-02-20,-0.0700,True,2025-02-20,-0.1001,False,,-0.0808,True,2025-02-20,-0.1010,True,2025-02-20,ATR20=1.717 stop=39.069 (-8.1% below entry),tiingo_short,False
2025,AXON,701.3249,91657,-0.2419,-0.0700,True,2025-02-19,-0.0800,True,2025-02-19,-0.0700,True,2025-02-19,-0.0700,True,2025-02-19,-0.0574,True,2025-02-19,-0.0717,True,2025-02-19,ATR20=20.122 stop=661.080 (-5.7% below entry),tiingo_short,False
2025,GEV,368.5652,74439,-0.0218,-0.0786,True,2025-01-27,-0.0800,True,2025-01-27,-0.0786,True,2025-01-27,-0.1046,True,2025-01-27,-0.0786,True,2025-01-27,-0.0786,True,2025-01-27,ATR20=14.684 stop=339.198 (-8.0% below entry),tiingo_short,False
2025,OKLO,30.1783,37885,0.3176,-0.0808,True,2025-01-08,-0.0808,True,2025-01-08,-0.0808,True,2025-01-08,0.3176,False,,-0.1827,True,2025-01-10,-0.2283,True,2025-01-13,ATR20=2.756 stop=24.666 (-18.3% below entry),tiingo_short,False
2025,DKS,242.2693,61222,-0.0646,-0.0700,True,2025-02-21,-0.0800,True,2025-02-21,-0.0700,True,2025-02-21,-0.0728,True,2025-02-21,-0.0574,True,2025-02-21,-0.0717,True,2025-02-21,ATR20=6.952 stop=228.366 (-5.7% below entry),tiingo_short,False
2025,MSTR,208.1148,53695,0.3643,-0.0700,True,2024-10-16,-0.0800,True,2024-10-17,-0.0700,True,2024-10-16,-0.0700,True,2024-10-16,0.3643,False,,0.3643,False,,ATR20=14.695 stop=178.725 (-14.1% below entry),tiingo_short,False
2025,PSTG,67.3840,76287,-0.0596,,False,,,False,,,False,,,False,,,False,,,False,,no coverage,,False
2025,IBIT,45.4834,60411,0.0998,-0.1082,True,2024-10-29,-0.1082,True,2024-10-29,-0.1082,True,2024-10-29,-0.1082,True,2024-10-29,-0.1082,True,2024-10-29,-0.1082,True,2024-10-29,ATR20=1.450 stop=42.584 (-6.4% below entry),tiingo_short,False
2025,MTRX,13.8896,22621,-0.0986,-0.1353,True,2025-02-06,-0.1353,True,2025-02-06,-0.1353,True,2025-02-06,-0.0878,True,2025-02-27,-0.1353,True,2025-02-06,-0.1353,True,2025-02-06,ATR20=0.628 stop=12.633 (-9.0% below entry),tiingo_short,False
2025,FTNT,105.4763,46413,-0.1024,-0.0700,True,2025-03-07,-0.0800,True,2025-03-10,-0.0700,True,2025-03-07,-0.0895,True,2025-03-10,-0.0521,True,2025-03-07,-0.0652,True,2025-03-07,ATR20=2.749 stop=99.978 (-5.2% below entry),tiingo_short,False
2025,ADMA,20.6577,27116,-0.0828,-0.0700,True,2025-04-21,-0.0800,True,2025-04-21,-0.0700,True,2025-04-21,-0.0828,False,,-0.0828,False,,-0.0828,False,,ATR20=1.354 stop=17.950 (-13.1% below entry),tiingo_short,False
2025,PLTR,96.3364,34004,-0.0680,-0.0700,True,2025-04-21,-0.0680,False,,-0.0700,True,2025-04-21,-0.0700,True,2025-04-21,-0.0680,False,,-0.0680,False,,ATR20=7.190 stop=81.956 (-14.9% below entry),tiingo_short,False
2025,AXGN,16.9926,37972,-0.2169,-0.0700,True,2024-12-30,-0.0800,True,2025-01-03,-0.0700,True,2024-12-30,0.0434,True,2025-03-07,-0.0856,True,2025-01-03,-0.1070,True,2025-01-03,ATR20=0.727 stop=15.538 (-8.6% below entry),tiingo_short,False
2025,TGTX,38.1018,21941,-0.1395,-0.0700,True,2025-05-06,-0.0800,True,2025-05-06,0.0000,True,2025-05-05,-0.0851,True,2025-05-06,0.0000,True,2025-05-05,0.0000,True,2025-05-05,ATR20=2.663 stop=32.776 (-14.0% below entry),tiingo_short,False
2025,ADMA,24.5703,23591,-0.1778,-0.0749,True,2025-05-08,-0.0800,True,2025-05-08,-0.0749,True,2025-05-08,-0.1868,True,2025-05-09,-0.1393,True,2025-05-08,-0.1741,True,2025-05-08,ATR20=1.711 stop=21.148 (-13.9% below entry),tiingo_short,False
2025,LOAR,98.0004,27430,-0.1425,-0.0700,True,2025-05-13,-0.0800,True,2025-05-13,-0.0700,True,2025-05-13,-0.1539,True,2025-06-10,-0.1064,True,2025-05-13,-0.1330,True,2025-05-14,ATR20=5.212 stop=87.576 (-10.6% below entry),tiingo_short,False
2025,WAY,40.4371,37122,-0.0663,-0.0700,True,2025-05-14,-0.0663,False,,-0.0700,True,2025-05-14,-0.0700,True,2025-05-14,-0.0663,False,,-0.0663,False,,ATR20=1.836 stop=36.764 (-9.1% below entry),tiingo_short,False
2025,PLTR,123.7018,51883,0.0631,-0.0889,True,2025-05-06,-0.0889,True,2025-05-06,-0.0889,True,2025-05-06,-0.0889,True,2025-05-06,-0.1227,True,2025-05-06,0.0631,False,,ATR20=7.590 stop=108.522 (-12.3% below entry),tiingo_short,False
2025,HOOD,63.1950,36072,0.4356,0.4356,False,,0.4356,False,,0.4356,False,,0.4356,False,,0.4356,False,,0.4356,False,,ATR20=3.439 stop=56.318 (-10.9% below entry),tiingo_short,False
2025,UBER,90.2548,55375,-0.0025,-0.0700,True,2025-05-29,-0.0800,True,2025-05-29,-0.0700,True,2025-05-29,-0.0025,False,,-0.0713,True,2025-05-29,-0.0891,True,2025-06-03,ATR20=3.217 stop=83.821 (-7.1% below entry),tiingo_short,False
2025,ROAD,113.0535,45410,-0.0960,-0.0700,True,2025-07-21,-0.0800,True,2025-07-21,-0.0700,True,2025-07-21,-0.0960,False,,-0.0721,True,2025-07-21,-0.0901,True,2025-07-22,ATR20=4.075 stop=104.904 (-7.2% below entry),tiingo_short,False
2025,QUBT,17.3398,22797,-0.1817,-0.0700,True,2025-07-28,-0.0800,True,2025-07-28,-0.0700,True,2025-07-28,-0.1136,True,2025-07-29,-0.1835,True,2025-08-01,-0.1817,False,,ATR20=1.591 stop=14.158 (-18.4% below entry),tiingo_short,False
2025,RBLX,74.7578,39383,0.7057,0.7057,False,,0.7057,False,,0.7057,False,,0.7057,False,,0.7057,False,,0.7057,False,,ATR20=2.734 stop=69.290 (-7.3% below entry),tiingo_short,False
2025,TSSI,22.6519,50337,-0.1514,-0.0700,True,2025-06-09,-0.0800,True,2025-06-09,-0.0700,True,2025-06-09,-0.0700,True,2025-06-09,-0.1904,True,2025-06-13,0.0000,True,2025-07-10,ATR20=2.157 stop=18.338 (-19.0% below entry),tiingo_short,False
2025,SMR,30.9268,35722,0.1913,0.1913,False,,0.1913,False,,0.1721,True,2025-06-23,0.2724,True,2025-08-08,0.1913,False,,0.1913,False,,ATR20=1.928 stop=27.070 (-12.5% below entry),tiingo_short,False
2025,GEV,377.4220,50365,0.6185,0.6185,False,,0.6185,False,,0.6185,False,,0.6185,False,,0.6185,False,,0.6185,False,,ATR20=25.945 stop=325.532 (-13.7% below entry),tiingo_short,False
2025,VRT,133.9833,46297,-0.0753,-0.0768,True,2025-09-02,-0.0800,True,2025-09-02,-0.0768,True,2025-09-02,-0.0768,True,2025-09-02,-0.0793,True,2025-09-02,-0.0991,True,2025-09-02,ATR20=5.313 stop=123.357 (-7.9% below entry),tiingo_short,False
2025,HLI,198.8200,57159,-0.0047,-0.0047,False,,-0.0047,False,,-0.0047,False,,-0.0047,False,,-0.0371,True,2025-09-03,-0.0047,False,,ATR20=3.691 stop=191.439 (-3.7% below entry),tiingo_short,False
2025,ANET,141.4951,71039,-0.0224,-0.0224,False,,-0.0224,False,,-0.0224,False,,-0.0224,False,,-0.0224,False,,-0.0224,False,,ATR20=4.340 stop=132.815 (-6.1% below entry),tiingo_short,False
2025,OKLO,63.8587,43555,1.3841,-0.0700,True,2025-07-22,1.3841,False,,-0.0700,True,2025-07-22,1.3841,False,,0.0000,True,2025-08-20,0.0000,True,2025-08-20,ATR20=4.997 stop=53.865 (-15.7% below entry),tiingo_short,False
2025,VRT,164.7227,55543,0.0122,0.0122,False,,0.0122,False,,0.0122,False,,0.0122,False,,0.0122,False,,0.0122,False,,ATR20=7.547 stop=149.628 (-9.2% below entry),tiingo_short,False
2025,CRDO,92.2492,53915,0.4776,0.4776,False,,0.4776,False,,0.1149,True,2025-08-20,0.4065,True,2025-10-14,0.4776,False,,0.4776,False,,ATR20=5.216 stop=81.818 (-11.3% below entry),tiingo_short,False
2025,NTGR,33.1152,55619,-0.0986,-0.0700,True,2025-10-30,-0.0800,True,2025-10-30,-0.0700,True,2025-10-30,-0.1010,True,2025-11-04,-0.1068,True,2025-10-30,-0.0986,False,,ATR20=1.769 stop=29.578 (-10.7% below entry),tiingo_short,False
2025,AMSC,39.7680,52190,0.0138,-0.0700,True,2025-11-06,-0.0800,True,2025-11-06,0.1751,True,2025-08-20,0.3775,True,2025-10-22,0.0000,True,2025-11-06,0.0000,True,2025-11-06,ATR20=2.207 stop=35.353 (-11.1% below entry),tiingo_short,False
2025,RKLB,32.0253,48793,0.5973,-0.0767,True,2025-06-10,-0.0800,True,2025-06-10,-0.0767,True,2025-06-10,-0.0767,True,2025-06-10,-0.1303,True,2025-06-10,-0.1629,True,2025-06-12,ATR20=2.086 stop=27.853 (-13.0% below entry),tiingo_short,False
2025,SYM,71.6674,55658,-0.0792,-0.0700,True,2025-11-07,-0.0800,True,2025-11-07,-0.0700,True,2025-11-07,-0.0792,False,,-0.0792,False,,-0.0792,False,,ATR20=6.000 stop=59.668 (-16.7% below entry),tiingo_short,False
2025,TQQQ,104.6291,38107,-0.0468,-0.0468,False,,-0.0468,False,,-0.0468,False,,-0.0468,False,,-0.0468,False,,-0.0468,False,,ATR20=5.140 stop=94.348 (-9.8% below entry),tiingo_short,False
2025,APP,462.8461,68650,0.1437,0.1437,False,,0.1437,False,,0.2887,True,2025-10-06,0.2636,True,2025-11-12,0.1437,False,,0.1437,False,,ATR20=25.413 stop=412.021 (-11.0% below entry),tiingo_short,False
2025,VRT,180.3300,50156,-0.1443,-0.1127,True,2025-11-21,-0.1127,True,2025-11-21,-0.1127,True,2025-11-21,-0.1127,True,2025-11-21,-0.1415,True,2025-11-21,-0.1443,False,,ATR20=12.762 stop=154.805 (-14.2% below entry),tiingo_short,False
2025,CCJ,79.4756,71698,-0.0017,-0.0700,True,2025-09-02,-0.0017,False,,-0.0700,True,2025-09-02,0.0818,True,2025-11-13,-0.0724,True,2025-09-02,0.0000,True,2025-11-21,ATR20=2.877 stop=73.721 (-7.2% below entry),tiingo_short,False
2026,URBN,82.1836,61420,-0.1288,-0.0700,True,2025-12-26,-0.0800,True,2025-12-29,-0.0700,True,2025-12-26,-0.1288,False,,-0.0865,True,2025-12-30,-0.1082,True,2026-01-12,ATR20=3.555 stop=75.073 (-8.7% below entry),tiingo_short,False
2026,APP,678.2649,61277,-0.1099,-0.0700,True,2026-01-02,-0.0800,True,2026-01-02,-0.0700,True,2026-01-02,-0.0900,True,2026-01-06,-0.1129,True,2026-01-06,-0.1099,False,,ATR20=38.274 stop=601.717 (-11.3% below entry),tiingo_short,False
2026,AAPL,271.3409,78305,-0.0558,-0.0558,False,,-0.0558,False,,-0.0558,False,,-0.0150,True,2026-01-05,-0.0394,True,2026-01-07,-0.0528,True,2026-01-08,ATR20=5.341 stop=260.659 (-3.9% below entry),tiingo_short,False
2026,TSLA,478.8470,61898,-0.1154,-0.0700,True,2026-01-02,-0.0800,True,2026-01-02,-0.0700,True,2026-01-02,-0.0852,True,2026-01-02,-0.0699,True,2026-01-02,-0.0873,True,2026-01-02,ATR20=16.731 stop=445.386 (-7.0% below entry),tiingo_short,False
2026,APH,145.6200,61849,-0.0604,-0.0700,True,2026-02-04,-0.0800,True,2026-02-04,-0.0700,True,2026-02-04,-0.1073,True,2026-02-04,-0.0604,True,2026-02-04,-0.0755,True,2026-02-04,ATR20=4.400 stop=136.819 (-6.0% below entry),tiingo_short,False
2026,SEI,55.2073,72367,-0.0705,-0.0700,True,2026-01-14,-0.0800,True,2026-01-14,-0.0700,True,2026-01-14,-0.0700,True,2026-01-14,-0.1145,True,2026-02-04,-0.1431,True,2026-02-04,ATR20=3.161 stop=48.885 (-11.5% below entry),tiingo_short,False
2026,KRMN,80.1300,36214,0.1993,0.1993,False,,0.1993,False,,0.1819,True,2026-02-04,0.1993,False,,0.1993,False,,0.1993,False,,ATR20=3.949 stop=72.231 (-9.9% below entry),tiingo_short,False
2026,RKT,21.0508,60466,-0.0768,-0.0950,True,2026-01-30,-0.0950,True,2026-01-30,-0.0950,True,2026-01-30,-0.1482,True,2026-01-30,-0.0950,True,2026-01-30,-0.0950,True,2026-01-30,ATR20=0.720 stop=19.610 (-6.8% below entry),tiingo_short,False
2026,STRL,434.8507,59637,-0.1028,-0.0700,True,2026-02-19,-0.0800,True,2026-02-19,-0.0700,True,2026-02-19,-0.1028,False,,-0.1028,False,,-0.1028,False,,ATR20=23.406 stop=388.039 (-10.8% below entry),tiingo_short,False
2026,Q,112.4121,34436,0.0129,0.0129,False,,0.0129,False,,0.0129,False,,0.0129,False,,0.0129,False,,0.0129,False,,ATR20=5.891 stop=100.630 (-10.5% below entry),tiingo_short,False
2026,WLDN,118.6077,48655,-0.3258,-0.0700,True,2026-02-11,-0.0800,True,2026-02-24,-0.0700,True,2026-02-11,-0.0700,True,2026-02-11,-0.1556,True,2026-02-27,-0.1556,True,2026-02-27,ATR20=7.297 stop=104.014 (-12.3% below entry),tiingo_short,False
2026,UFO,39.5617,47325,0.0891,0.0891,False,,0.0891,False,,0.0891,False,,0.1162,True,2026-03-27,0.0891,False,,0.0891,False,,ATR20=1.267 stop=37.028 (-6.4% below entry),tiingo_short,False
2026,APLD,38.3678,69144,-0.4148,-0.0760,True,2026-01-22,-0.0800,True,2026-01-22,-0.0760,True,2026-01-22,-0.0760,True,2026-01-22,-0.1635,True,2026-02-04,-0.2043,True,2026-02-04,ATR20=3.136 stop=32.095 (-16.3% below entry),tiingo_short,False
2026,GEV,643.4200,30224,0.7939,0.7939,False,,0.7939,False,,0.7939,False,,0.7939,False,,0.7939,False,,0.7939,False,,ATR20=31.428 stop=580.565 (-9.8% below entry),tiingo_short,False
2026,CLS,362.3395,54709,-0.0185,-0.0185,False,,-0.0185,False,,-0.0185,False,,-0.0185,False,,-0.0185,False,,-0.0185,False,,ATR20=19.641 stop=323.058 (-10.8% below entry),tiingo_short,False
2026,NBIS,151.2456,55719,-0.1214,-0.0700,True,2026-04-27,-0.0800,True,2026-04-27,-0.0700,True,2026-04-27,-0.1214,False,,-0.1214,False,,-0.1214,False,,ATR20=10.484 stop=130.278 (-13.9% below entry),tiingo_short,False
2026,ALMU,25.1426,47351,-0.1669,-0.0700,True,2026-05-07,-0.0800,True,2026-05-14,-0.0700,True,2026-05-07,-0.1669,False,,-0.0097,True,2026-05-14,-0.0097,True,2026-05-14,ATR20=2.747 stop=19.649 (-21.9% below entry),tiingo_short,False
2026,CRDO,194.4958,73709,-0.1311,-0.0700,True,2026-05-14,-0.0800,True,2026-05-14,-0.0700,True,2026-05-14,-0.1311,False,,-0.1412,True,2026-05-18,-0.1766,True,2026-05-18,ATR20=13.735 stop=167.025 (-14.1% below entry),tiingo_short,False
2026,MOD,247.6255,65490,-0.0389,-0.0700,True,2026-04-28,-0.0800,True,2026-04-28,-0.0700,True,2026-04-28,-0.0389,False,,-0.0389,False,,-0.0389,False,,ATR20=15.146 stop=217.333 (-12.2% below entry),tiingo_short,False
2026,SQM,83.9316,63627,-0.0378,-0.0703,True,2026-05-27,-0.0378,False,,-0.0703,True,2026-05-27,-0.0151,True,2026-05-18,-0.0378,False,,-0.0378,False,,ATR20=3.707 stop=76.518 (-8.8% below entry),tiingo_short,False
2026,IREN,65.7990,50363,-0.2722,-0.0700,True,2026-06-04,-0.0800,True,2026-06-04,-0.0700,True,2026-06-04,-0.2356,True,2026-06-24,-0.1762,True,2026-06-05,-0.2202,True,2026-06-05,ATR20=5.796 stop=54.207 (-17.6% below entry),tiingo_short,False
2026,VIAV,56.7250,63307,-0.1571,-0.0700,True,2026-06-16,-0.0800,True,2026-06-16,-0.0700,True,2026-06-16,-0.0700,True,2026-06-16,-0.1581,True,2026-06-18,-0.1571,False,,ATR20=4.486 stop=47.754 (-15.8% below entry),tiingo_short,False
